,0,1,2,3
0,14689113504,5547710387,0.0233333333333333,5.101688593504618
1,14689113504,1111961908,0.0699999999999999,15.524009316653828
2,14689113504,48286684737,0.0233333333333333,-9.287149560239007
3,14689113504,12277100520,0.0233333333333333,11.441187270936545
4,14689113504,8800394476,0.0233333333333333,-27.663316077786384
5,14689113504,11543315808,0.0466666666666666,3.91209612664391
6,14689113504,38971577229,0.0699999999999999,1.9095572266047065
7,14689113504,33685779818,0.0233333333333333,-2.760495133123544
8,14689113504,48353240063,0.0233333333333333,10.201503284301753
9,14689113504,2014133882,0.0233333333333333,-27.027633129635177
10,14689113504,45648489772,0.0933333333333333,3.7107294311713526
11,14689113504,22208895681,0.0233333333333333,4.8017774292649325
12,14689113504,8980334575,0.0233333333333333,-2.857149802601113
13,6321704114,50330391517,0.0466666666666666,7.393734794806601
14,6321704114,4573911130,0.0466666666666666,-12.546808136278619
15,6321704114,6394217478,0.0699999999999999,3.35098898167011
16,6321704114,5792616315,0.42,0.3279092287190925
17,6321704114,8640016678,0.42,-36.405619816874164
18,6321704114,1705958376,0.0233333333333333,6.568496609456057
19,6321704114,27757028357,0.0466666666666666,-16.201683319616716
20,6321704114,1160292568,0.0466666666666666,-7.438388274532192
21,6321704114,16988897356,0.1166666666666666,-3.6536994581254967
22,6321704114,9019116824,0.0233333333333333,-22.116590810032058
23,6321704114,12277100520,0.0233333333333333,9.659840030459137
24,6321704114,1797684876,0.1866666666666666,3.4423163517952666
25,6321704114,1701835231,0.1166666666666666,-7.3646025301517515
26,6321704114,6321704114,0.0933333333333333,2.5210854639128164
27,6321704114,48556458784,0.21,-6.55627670392405
28,6321704114,8031175733,0.2333333333333333,10.117866419505926
29,6321704114,182012378,0.0466666666666666,-6.3077514856792405
30,6321704114,2359889745,0.0699999999999999,-4.703226484482574
31,6321704114,1698143674,0.0233333333333333,-17.324187939460103
32,6321704114,8032245179,0.0233333333333333,-9.974627125164702
33,6321704114,2226166424,0.0233333333333333,-9.290846991401724
34,6321704114,4179788139,0.0466666666666666,-2.825284268302255
35,6321704114,325583882,0.1166666666666666,20.692033002578
36,6321704114,45936085537,0.0466666666666666,-2.06587117312524
37,6321704114,48880830461,0.0233333333333333,0.8300963277761614
38,6321704114,4256699619,0.0699999999999999,3.184201754001356
39,6321704114,33917939215,0.0233333333333333,24.00323708186258
40,6321704114,368608128,0.0699999999999999,3.8314393299931155
41,6321704114,6585983196,0.0233333333333333,-4.764461051325251
42,6321704114,3529700225,0.0233333333333333,-6.653529480109857
43,6321704114,4060356086,0.0233333333333333,0.6896170985895228
44,6321704114,1681975820,0.0233333333333333,-12.25615893562629
45,44853283699,8545069647,0.0233333333333333,-2.7810764726772974
46,44853283699,1542921978,0.0933333333333333,15.99238600415654
47,44853283699,429614406,0.0233333333333333,9.392803315265192
48,44853283699,15653492681,0.0233333333333333,-1.2058422550654448
49,44853283699,52810242112,0.0233333333333333,5.944332861049354
50,44853283699,49157167650,0.0233333333333333,0.5969362943933927
51,44853283699,52618661792,0.0233333333333333,15.515590844255541
52,44853283699,3560137051,0.0699999999999999,-4.826621707236341
53,44853283699,2213986591,0.0233333333333333,-6.068548868632785
54,44853283699,2727799999,0.0933333333333333,-11.894803939255016
55,44853283699,51615539844,0.0699999999999999,-2.162831550796517
56,44853283699,8091974458,0.0233333333333333,-1.590604584294428
57,44853283699,45082019026,0.0233333333333333,-6.127416992828774
58,44853283699,5519900227,0.0466666666666666,-6.5447205154704005
59,44853283699,6950563561,0.0466666666666666,1.1280157420980936
60,44853283699,1639640394,0.0466666666666666,-0.9865686834343863
61,44853283699,1275611654,0.0233333333333333,-2.0983493570387566
62,44853283699,1764753258,0.0233333333333333,7.212829406580227
63,44853283699,5363793518,0.0233333333333333,25.251464609562113
64,44853283699,3306923108,0.1166666666666666,17.30405883053759
65,44853283699,8176640965,0.0466666666666666,8.300754051097817
66,44853283699,27223134888,0.0466666666666666,4.93485575461221
67,44853283699,2155030653,0.0466666666666666,10.591770819536753
68,44853283699,13075702444,0.0233333333333333,-2.684709022086264
69,44853283699,5502229458,0.0233333333333333,-2.511788402899424
70,44853283699,3251093771,0.0233333333333333,1.4880114671429487
71,28172153766,10477439730,0.0233333333333333,10.96246561433345
72,28172153766,3263362272,0.1633333333333333,-20.540030073058606
73,28172153766,5649180427,0.1866666666666666,7.720771507404688
74,28172153766,40531967916,0.0933333333333333,10.701035684679747
75,28172153766,2905885853,0.0233333333333333,-8.740296864317108
76,28172153766,11574068743,0.0233333333333333,-7.554843621287992
77,28172153766,36368970275,0.0233333333333333,-1.3808876132462096
78,51609740457,47883279639,0.0233333333333333,11.948514061849014
79,51609740457,601696676,0.0233333333333333,-14.532355742658549
80,51609740457,7509690892,0.0233333333333333,-6.100103890351282
81,51609740457,38742001685,0.0233333333333333,15.418309275521349
82,51609740457,54096153035,0.0233333333333333,15.492944079143701
83,51609740457,26047465420,0.0233333333333333,3.267877908465521
84,51609740457,5616758848,0.0233333333333333,-6.903840854484577
85,51609740457,459966306,0.0233333333333333,4.93544958249658
86,51609740457,12142685994,0.0233333333333333,0.6021417975673572
87,51609740457,2040208396,0.0233333333333333,-0.864562148170526
88,53133530673,2922635197,0.1399999999999999,5.698292536387367
89,53133530673,18905794367,0.0233333333333333,2.4724351506121347
90,53133530673,7043619802,0.0466666666666666,-1.703887848013276
91,53133530673,5962783243,0.6066666666666667,20.70466994012169
92,53133530673,482857779,0.0466666666666666,-12.094268910459974
93,53133530673,41823849772,0.1866666666666666,-0.17593348853555546
94,53133530673,6830922218,0.0699999999999999,-0.16900698159573532
95,53133530673,4177116289,0.0233333333333333,-11.148084243186444
96,53133530673,53219061348,0.0233333333333333,11.909503365200493
97,53133530673,48502320554,0.1166666666666666,2.297749574637307
98,53133530673,2258536361,0.0233333333333333,-0.1634200624845811
99,53133530673,5264557378,0.0933333333333333,5.69174892687344
100,53133530673,27477715328,0.0466666666666666,-13.091170932483713
101,53133530673,9193004091,0.0233333333333333,14.834162657817123
102,53133530673,45139901516,0.0466666666666666,-51.632638265154284
103,53133530673,14773150968,0.0466666666666666,-9.457883905380422
104,53133530673,3151877089,0.0233333333333333,0.875254511405629
105,53133530673,4537454698,0.0699999999999999,0.34068523631697056
106,53133530673,30574684252,0.0233333333333333,-4.094034098162369
107,53133530673,3747138322,0.0233333333333333,0.9006092640813016
108,51317444532,643020335,0.0466666666666666,-28.378074249090226
109,51317444532,33531144891,0.0233333333333333,-5.9620619537645645
110,51317444532,5439194953,0.0233333333333333,29.80700625859303
111,51317444532,23213608859,0.0933333333333333,15.076588955491188
112,51317444532,8985845943,0.0233333333333333,6.393815591194211
113,51317444532,51394025332,0.0933333333333333,-11.668792941598541
114,24818496687,13949136759,0.0466666666666666,3.3157281872129527
115,24818496687,1118072749,0.0233333333333333,0.7332282813133248
116,24818496687,1741325504,0.0233333333333333,-34.578439446292606
117,24818496687,293855218,0.0233333333333333,-4.424444007894782
118,24818496687,2380236196,0.0233333333333333,9.922484590416202
119,24818496687,7188272888,0.0233333333333333,15.971402116916735
120,49033852181,6330148884,0.0466666666666666,-12.462182364855266
121,49033852181,36067544552,0.1633333333333333,10.784486656210603
122,49033852181,4694894,0.0466666666666666,-11.097674812780218
123,49033852181,11344734565,0.1166666666666666,14.09768458306904
124,49033852181,48501677730,0.0233333333333333,31.382964833496214
125,49033852181,51219037334,0.0466666666666666,-7.459011966222301
126,49033852181,47118857614,0.1633333333333333,5.210256798726428
127,49033852181,37533977133,0.0466666666666666,-15.564722341076717
128,49033852181,51782184567,0.0233333333333333,-0.2011882126248963
129,49033852181,52088413652,0.0233333333333333,-4.788611911358486
130,49033852181,50716812371,0.0233333333333333,-6.408909502899286
131,49033852181,461860143,0.0233333333333333,6.324926868346523
132,49033852181,2077846168,0.0233333333333333,5.101088719615799
133,49033852181,35686034444,0.0233333333333333,3.814096594839679
134,43871551702,25213071237,0.0466666666666666,1.1429986832909027
135,43871551702,53841999775,0.0233333333333333,3.067308852295046
136,43871551702,53041726913,0.0233333333333333,11.263151287775875
137,43871551702,44551356798,0.0233333333333333,-58.500246693473564
138,43871551702,13000136146,0.0233333333333333,1.8361161968714954
139,43871551702,44126663773,0.0233333333333333,-18.221515798889612
140,43871551702,40926778243,0.0233333333333333,-11.292005830684426
141,43871551702,43871551702,0.0233333333333333,13.097132879182341
142,14452193480,5860351981,0.0466666666666666,-9.692749838726773
143,14452193480,1169998961,0.0233333333333333,2.2871828660957556
144,14452193480,2259109681,0.0233333333333333,0.10406534426262663
145,14452193480,14475044860,0.0233333333333333,-1.5286160780851086
146,14452193480,5868031027,0.0233333333333333,-1.3665495907107579
147,14452193480,48437773510,0.0233333333333333,-2.7672847959303777
148,14452193480,2362852799,0.0233333333333333,8.509277239865916
149,14452193480,32585499243,0.0233333333333333,-14.112558417234354
150,14452193480,33644347384,0.0233333333333333,-28.148992985526895
151,14452193480,5953187168,0.0233333333333333,0.37339333008215375
152,14452193480,409298999,0.0233333333333333,0.6544556884938951
153,14452193480,295176148,0.0233333333333333,17.541116685336124
154,14452193480,48486451061,0.0233333333333333,6.377138770446537
155,14452193480,47728627093,0.0233333333333333,-22.392421125653154
156,14452193480,3239318864,0.0466666666666666,16.418138860265408
157,14452193480,51804912044,0.0699999999999999,-22.523151620266525
158,14452193480,39998775863,0.0233333333333333,0.0936506023417464
159,14452193480,49069207126,0.0233333333333333,-16.528258939940084
160,14452193480,45475087,0.0233333333333333,5.614086810805216
161,14452193480,43802293161,0.0233333333333333,3.6944768534298134
162,14452193480,42612474050,0.0233333333333333,0.9427293230139541
163,14452193480,47398535847,0.0233333333333333,4.262392574129645
164,14452193480,31736716222,0.0233333333333333,-2.271808256521613
165,14452193480,45518252143,0.0233333333333333,-10.70098044352964
166,14452193480,48604288021,0.0233333333333333,20.757857043435614
167,14452193480,5448233523,0.0233333333333333,20.375558965528285
168,14452193480,451802352,0.0233333333333333,1.7763086950292073
169,14452193480,48750520427,0.0233333333333333,-0.030302540155239945
170,14452193480,4165279441,0.0233333333333333,11.667487014846385
171,14452193480,47064727808,0.0233333333333333,-21.26117623684118
172,14452193480,48728520884,0.0233333333333333,-19.385536000246226
173,14452193480,48009498241,0.0233333333333333,1.2133439767037784
174,14452193480,47904715389,0.0233333333333333,-24.7931838651405
175,14452193480,36960715413,0.0233333333333333,3.7248610695793554
176,14452193480,48146121764,0.0233333333333333,-25.203847279543076
177,14452193480,512833131,0.0233333333333333,-17.286767320072162
178,14452193480,45615728426,0.0233333333333333,7.543884405701122
179,14452193480,46271654296,0.0233333333333333,24.823066805575053
180,33644347384,1390530269,0.1633333333333333,-4.151817449568773
181,33644347384,2114681408,0.3733333333333333,-3.2834668040622397
182,33644347384,285536879,0.0233333333333333,11.080549520238767
183,33644347384,43936900536,0.1166666666666666,-4.840264221375639
184,33644347384,6099561342,0.0233333333333333,9.725901001357563
185,33644347384,18150073656,0.1166666666666666,-9.149850066392323
186,33644347384,40760426,0.0233333333333333,-22.83253503190496
187,33644347384,28145030069,0.0233333333333333,-17.62116297302879
188,33644347384,8082642055,0.0233333333333333,5.846760277875051
189,33644347384,47765015507,0.0233333333333333,21.205320783175942
190,33644347384,50031235249,0.0233333333333333,-7.352739537081069
191,33644347384,48279636341,0.0466666666666666,-8.251586547083374
192,33644347384,229888652,0.0233333333333333,5.243459802379448
193,33644347384,186199609,0.0699999999999999,-64.74218086894258
194,33644347384,547526391,0.1866666666666666,-15.160769483085717
195,33644347384,1359756435,0.2566666666666666,0.7568849353146189
196,33644347384,6331992041,0.0233333333333333,-20.301220751151813
197,33644347384,51481879559,0.0233333333333333,-5.260102353168774
198,33644347384,2044680984,0.0233333333333333,13.068110610258852
199,33644347384,231737605,0.0466666666666666,-5.8920947234300645
200,33644347384,653005411,0.0233333333333333,-5.324074367354968
201,33644347384,861043436,0.0233333333333333,5.205297580808258
202,33644347384,9237403343,0.0233333333333333,31.775617327373677
203,33644347384,11211887643,0.0233333333333333,-1.9313619470069407
204,33644347384,38111559612,0.0233333333333333,-10.141574861769007
205,33644347384,49524734666,0.0233333333333333,10.257084984008161
206,33644347384,5892793052,0.0233333333333333,6.235236544239369
207,33644347384,39684595655,0.0699999999999999,-12.856027841623026
208,33644347384,1451596366,0.0466666666666666,-2.259380850650409
209,33644347384,1229412047,0.0233333333333333,30.917571591934205
210,33644347384,1664958484,0.0699999999999999,-11.266920152230053
211,33644347384,32522951,0.0233333333333333,-5.901508226839338
212,33644347384,1645373205,0.0466666666666666,2.4871001651632527
213,33644347384,524960134,0.0466666666666666,-2.7011123259806156
214,33644347384,47376558400,0.0233333333333333,13.909309581663365
215,33644347384,1353281982,0.0233333333333333,-9.919388921092379
216,33644347384,570801153,0.0233333333333333,0.12151366596443214
217,33644347384,404180517,0.0466666666666666,6.445789612682886
218,33644347384,1540564859,0.0233333333333333,-25.769187062565322
219,33644347384,9928367266,0.0466666666666666,17.94968986251334
220,33644347384,1651344425,0.0233333333333333,-48.54651513102856
221,33644347384,6859913100,0.0466666666666666,4.834498735422404
222,33644347384,5389050026,0.0466666666666666,-5.793195253945109
223,33644347384,358109974,0.0233333333333333,12.890820401626307
224,33644347384,6625931781,0.0233333333333333,-52.40840956486232
225,33644347384,36858624141,0.0233333333333333,-9.857626442728515
226,33644347384,1286934499,0.0233333333333333,-2.422431832850936
227,33644347384,36378981761,0.0233333333333333,-5.487128876331848
228,33644347384,7925435257,0.0233333333333333,-5.827054299184323
229,33644347384,1432924377,0.0233333333333333,-12.803181341873442
230,33644347384,271756988,0.0233333333333333,29.903711676065495
231,33644347384,335689549,0.0233333333333333,-5.255875685932583
232,33644347384,43997480883,0.0466666666666666,12.245252118915511
233,33644347384,188919758,0.0233333333333333,-19.773706046038395
234,33644347384,13862124720,0.0233333333333333,5.568411485727926
235,33644347384,1381350461,0.0233333333333333,0.772588635596282
236,34150411980,52823577888,0.0233333333333333,-0.9551890918812488
237,34150411980,1791494054,0.0233333333333333,8.812122147289521
238,34150411980,49046755766,0.0233333333333333,16.070727640397735
239,34150411980,34150411980,0.0233333333333333,5.438907249240892
240,34150411980,33882176332,0.0233333333333333,-3.6598218564263982
241,34150411980,1950138900,0.0233333333333333,4.478781785081462
242,34150411980,51045292998,0.0233333333333333,9.473409977005701
243,34150411980,48857170212,0.0233333333333333,-24.902782301760944
244,42250753245,40569241898,0.0233333333333333,-5.333767222488479
245,42250753245,45216726968,0.0233333333333333,3.63894571762417
246,42250753245,23076735564,0.0233333333333333,-1.374347195263135
247,42250753245,32982468900,0.0933333333333333,-9.237660324467978
248,42250753245,47467038,0.0233333333333333,-12.273621135363825
249,42250753245,33055557319,0.1166666666666666,-4.583167033891633
250,42250753245,45362266428,0.0233333333333333,8.279059793517138
251,42250753245,46038689303,0.0233333333333333,11.232578097898417
252,42250753245,54304030733,0.0233333333333333,-22.632658277819957
253,42250753245,28845618281,0.0233333333333333,-2.075013282636949
254,42250753245,54415747890,0.0233333333333333,6.594559941397254
255,42250753245,43846192532,0.0233333333333333,1.1232406732998779
256,42250753245,20531814480,0.0233333333333333,-17.55301449609631
257,42250753245,47943782254,0.0233333333333333,1.0138418899982946
258,42250753245,15061978230,0.0933333333333333,9.073683473447991
259,42250753245,49328017781,0.0233333333333333,-11.38910542091023
260,42250753245,52942546037,0.0233333333333333,-12.406004476103915
261,42250753245,48819545739,0.0233333333333333,-1.3031833528334857
262,42250753245,22001346651,0.0233333333333333,-6.32266417973992
263,42250753245,5859936972,0.0233333333333333,-5.386855611176308
264,42250753245,40183804826,0.0466666666666666,-5.09875237436426
265,42250753245,49106730989,0.0233333333333333,-6.054407028370266
266,42250753245,5736911685,0.0233333333333333,4.500748331137028
267,42250753245,28687540788,0.0233333333333333,-9.837738720722225
268,42250753245,41412998531,0.0233333333333333,12.912416865456445
269,42250753245,39857412377,0.0233333333333333,4.498853516922623
270,42250753245,42501203306,0.0233333333333333,3.0102941900616274
271,42250753245,4232436891,0.0233333333333333,-1.0414813092134776
272,42250753245,45054791837,0.0233333333333333,-1.8252283599415964
273,42250753245,2119852076,0.0233333333333333,14.897534353065993
274,186199609,6648494824,0.0233333333333333,-40.458707424624386
275,186199609,6178528144,0.0466666666666666,-7.789381741859261
276,186199609,4810881273,0.0233333333333333,-0.3159601071358261
277,186199609,1353281982,0.0233333333333333,-25.492375704110966
278,186199609,272877937,0.0699999999999999,-22.396069643932922
279,186199609,21375983173,0.0233333333333333,0.5102182157411151
280,186199609,5666576848,0.0233333333333333,-17.803541340585646
281,186199609,4242520863,0.0233333333333333,10.364770979086188
282,186199609,5684834333,0.0233333333333333,-9.304230160178504
283,186199609,6599056364,0.0466666666666666,1.201265595438619
284,13700029371,45322251967,0.2566666666666666,-24.165489108112062
285,13700029371,43165948919,0.0699999999999999,31.327015195741225
286,13700029371,35547170407,0.1166666666666666,-6.45820140643722
287,13700029371,5730579948,0.0699999999999999,6.8975737387326985
288,13700029371,8353087485,0.0233333333333333,3.6189854514452784
289,13700029371,7942533323,0.0233333333333333,-5.177290467424263
290,13700029371,6921304527,0.2333333333333333,13.320469899774084
291,13700029371,18289338146,0.1399999999999999,-5.605795741222518
292,13700029371,8493770489,0.0466666666666666,-3.8108196655274202
293,13700029371,8219657707,0.0699999999999999,-4.671285603525356
294,13700029371,37469180096,0.0466666666666666,-6.242801278017954
295,13700029371,47230014663,0.0233333333333333,3.7803377682204005
296,13700029371,39612498930,0.1866666666666666,-1.7761722447158634
297,13700029371,6177761317,0.0699999999999999,-0.9785737909529673
298,13700029371,32452316397,0.0233333333333333,4.7223713311533455
299,13700029371,54962876156,0.0466666666666666,-47.31145500291551
300,13700029371,7984529522,0.0233333333333333,-3.989095312148309
301,13700029371,49485092383,0.0466666666666666,1.5458168489785615
302,13700029371,52385492783,0.0466666666666666,-0.823437250464936
303,13700029371,51011558739,0.0233333333333333,-1.5284519365121219
304,13700029371,50252431464,0.0233333333333333,-9.690135728148158
305,13700029371,5951435528,0.0233333333333333,-6.890929987702208
306,13700029371,47974956754,0.0933333333333333,-11.880248677030965
307,13700029371,31931226573,0.0233333333333333,8.750382319779154
308,13700029371,5365683510,0.0699999999999999,1.9979930307882579
309,13700029371,19299284627,0.0699999999999999,-0.17270528993774198
310,13700029371,47687586047,0.0233333333333333,5.232101349488051
311,13700029371,5825059631,0.0466666666666666,9.256826798073332
312,13700029371,10617324379,0.0233333333333333,16.95134689507679
313,13700029371,5693862962,0.0233333333333333,-1.218583371513548
314,13700029371,52007924804,0.0233333333333333,-6.093637858093282
315,13700029371,52942936266,0.0233333333333333,-1.8894265027131762
316,13700029371,50315607183,0.0233333333333333,-24.09572679878528
317,13700029371,7324098860,0.0233333333333333,-20.47764101982068
318,13700029371,13700029371,0.0233333333333333,-9.436544270614354
319,13700029371,4100807474,0.0233333333333333,-3.0857188010129493
320,13700029371,37383161853,0.0233333333333333,-1.765478168344947
321,13700029371,4167532807,0.0233333333333333,3.3316502809989355
322,13700029371,23789757719,0.0233333333333333,4.223717792927429
323,3494576591,44714493947,0.0233333333333333,-7.76700447715999
324,3494576591,1175221258,0.2799999999999999,14.63361246585495
325,3494576591,1080251725,0.0933333333333333,-7.070164637767251
326,3494576591,52374733486,0.0233333333333333,1.6989951420964868
327,3494576591,14923825976,0.0233333333333333,6.2959873299104725
328,3494576591,1810862208,0.0933333333333333,1.9285606873831267
329,3494576591,3071917852,0.0233333333333333,3.3046220882425668
330,3494576591,3494576591,0.0933333333333333,26.996983898785956
331,3494576591,5943830223,0.0233333333333333,-0.7879525940625937
332,3494576591,2125334969,0.1399999999999999,-1.8405578052503746
333,3494576591,1740362243,0.0466666666666666,11.461218040647388
334,3494576591,2958603876,0.0933333333333333,-0.38767421750348097
335,3494576591,15371922117,0.0466666666666666,-9.624987299120676
336,3494576591,1662718356,0.0466666666666666,-1.0163704661178503
337,3494576591,1989803118,0.0233333333333333,18.271001572882064
338,3494576591,5856743406,0.0233333333333333,17.975592226993975
339,3494576591,6035533131,0.0233333333333333,-13.509552117633042
340,3494576591,4303701428,0.0233333333333333,2.9156263936425466
341,3494576591,38498639958,0.0233333333333333,2.0762544249235613
342,3494576591,4200822722,0.0699999999999999,-3.2773435542790073
343,3494576591,43718854737,0.0233333333333333,-2.712827902545361
344,3494576591,1596392526,0.1866666666666666,-0.13758400498906864
345,3494576591,1953637064,0.0699999999999999,-0.7150549005449227
346,3494576591,10154873232,0.0233333333333333,0.832743216815942
347,3494576591,7168802492,0.0233333333333333,-11.100031635634938
348,3494576591,2252339012,0.0933333333333333,12.782220513433142
349,3494576591,48404198678,0.0233333333333333,-0.26625333507929316
350,3494576591,4093226637,0.0933333333333333,21.898176058990916
351,3494576591,3845576398,0.0233333333333333,-5.429803413426111
352,3494576591,5983426320,0.0233333333333333,-3.3421776279563
353,3494576591,2118506689,0.0233333333333333,8.42887097821147
354,3494576591,315474191,0.0466666666666666,-1.7338737555210273
355,3494576591,6321280312,0.0233333333333333,-4.3124134138702495
356,3494576591,3594619041,0.0233333333333333,-4.088119221244679
357,3494576591,7781053772,0.0233333333333333,-16.083079807347417
358,3494576591,8042272530,0.0233333333333333,4.576198046469301
359,3494576591,7379564196,0.0466666666666666,8.315508591105317
360,3494576591,4699806446,0.0233333333333333,13.176410682580858
361,3494576591,1493536757,0.0233333333333333,-0.7264611883131388
362,3494576591,3691987209,0.0233333333333333,-7.360335598127078
363,13948662048,4536741913,0.0233333333333333,-1.2024572781576026
364,13948662048,6648494824,0.7,5.70590728719258
365,13948662048,48144659250,0.0933333333333333,1.3670528690730233
366,13948662048,52823577888,0.0233333333333333,-7.665367743097207
367,13948662048,55097332624,0.0233333333333333,-23.66459380223956
368,13948662048,48144350705,0.0233333333333333,-9.26454159550628
369,13948662048,4344413548,0.0233333333333333,21.140406817973034
370,13948662048,31243403804,0.6533333333333333,13.691960783377876
371,13948662048,53168629112,0.0233333333333333,1.3409307764455316
372,13948662048,50426406847,0.0233333333333333,6.10603483303346
373,13948662048,16941480287,0.0466666666666666,-10.702566553381711
374,13948662048,3033785993,0.0233333333333333,0.623507033041599
375,13948662048,49789503154,0.0933333333333333,5.3785755112870275
376,13948662048,1631151505,0.0233333333333333,3.200346212491155
377,13948662048,30051665064,0.0466666666666666,5.716857863669503
378,13948662048,4142276064,0.0233333333333333,-13.230806717149509
379,13948662048,52730997535,0.0233333333333333,16.563893650985648
380,13948662048,276310991,0.0233333333333333,-0.2618076587836359
381,13948662048,51699454194,0.0233333333333333,2.82790898313786
382,13948662048,52155943026,0.0233333333333333,-8.001518626887252
383,13948662048,307492593,0.0233333333333333,3.7098546346168138
384,13948662048,481420868,0.0233333333333333,1.0467475745357397
385,13948662048,297079917,0.0233333333333333,-1.3278728109099998
386,13948662048,7889165084,0.0699999999999999,-8.004267640483771
387,13948662048,4020677674,0.0233333333333333,18.478265372513675
388,13948662048,261002180,0.0233333333333333,-14.89739085331016
389,13948662048,49097331259,0.0699999999999999,-1.5394773280903766
390,13948662048,9292267820,0.0466666666666666,1.3433785273468415
391,13948662048,50374745322,0.0233333333333333,18.540992986406582
392,13948662048,51500782797,0.0233333333333333,6.054382167100878
393,13948662048,2068431022,0.0233333333333333,21.914286587309135
394,13948662048,38526743220,0.0233333333333333,1.0940984679476957
395,13948662048,2040305504,0.0233333333333333,2.745470694052725
396,13948662048,653804480,0.0233333333333333,0.2292775513920762
397,13948662048,51892481412,0.0233333333333333,7.549200854851764
398,13948662048,11321391163,0.0233333333333333,-23.996267651552195
399,13948662048,1159524479,0.0233333333333333,1.412278850013711
400,13948662048,12277100520,0.0233333333333333,15.999978965181235
401,13948662048,34824166,0.0233333333333333,0.17937985129209721
402,13948662048,49164141658,0.0233333333333333,-4.741210107751626
403,13948662048,51127169178,0.0466666666666666,6.8345416036266275
404,13948662048,1666856240,0.0233333333333333,-0.033227393592555096
405,13948662048,32163825344,0.0233333333333333,1.6208472737999935
406,13948662048,1165954166,0.0233333333333333,0.652957632349874
407,13948662048,8713153590,0.0466666666666666,-6.5378008791711055
408,13948662048,48389993092,0.0233333333333333,20.20601940794788
409,13948662048,52167457584,0.0233333333333333,-6.2649300982219644
410,13948662048,50064470728,0.0233333333333333,-5.974247925039167
411,13948662048,231687145,0.0233333333333333,-8.451211161762709
412,13948662048,6126105242,0.0233333333333333,4.83959268358532
413,13948662048,7074900969,0.0466666666666666,0.06353127161422115
414,13948662048,593705392,0.0233333333333333,7.154636444871098
415,13948662048,7099804185,0.0233333333333333,-37.56969921976727
416,13948662048,6847296900,0.0233333333333333,16.24905034566188
417,13948662048,49162899993,0.0233333333333333,8.113093860994386
418,13948662048,51234068354,0.0233333333333333,-1.5100119383313475
419,13948662048,51439340567,0.0233333333333333,0.36563688719148446
420,13948662048,48369537846,0.0233333333333333,8.383905187911802
421,13948662048,40235836353,0.0233333333333333,-9.831990276416324
422,13948662048,7320578381,0.0233333333333333,-2.800390727043093
423,13948662048,1191424623,0.0233333333333333,-1.4995357049966094
424,13948662048,4601105,0.0233333333333333,-8.26802535763553
425,13948662048,52656147342,0.0233333333333333,3.370234626628979
426,13948662048,10111808191,0.0233333333333333,10.447654210242783
427,13948662048,190114919,0.0233333333333333,-39.22141780672598
428,13948662048,48009150197,0.0233333333333333,7.737852403905732
429,13948662048,49118987231,0.0233333333333333,-0.5938119243488407
430,13948662048,46381868648,0.0233333333333333,-33.740113910792594
431,13948662048,53334140800,0.0233333333333333,40.10821626186992
432,13948662048,52962565957,0.0233333333333333,-1.2998281037205175
433,13948662048,46602259443,0.0233333333333333,-4.652798226110457
434,13948662048,23127714196,0.0233333333333333,13.516194746722501
435,13948662048,1771142890,0.0233333333333333,4.307131279049677
436,13948662048,306094542,0.0233333333333333,1.2977842559049326
437,13948662048,46197822971,0.0233333333333333,-7.246110110062119
438,13948662048,49827109283,0.0233333333333333,-25.895595410729285
439,13948662048,47834572448,0.0233333333333333,-30.230102100770846
440,13948662048,50365062990,0.0233333333333333,9.60227325928836
441,13948662048,50133663985,0.0233333333333333,-5.62573070734991
442,13948662048,51168629061,0.0233333333333333,-9.276523474621246
443,13948662048,33317784,0.0233333333333333,-19.126766453910403
444,47141678566,11824126962,0.0233333333333333,-8.92676693124325
445,47141678566,49356018084,0.0233333333333333,-5.320157756035506
446,47141678566,32478303376,0.0933333333333333,0.6664920116071791
447,47141678566,21428627355,0.0233333333333333,0.7645136999608603
448,47141678566,36978624522,0.0933333333333333,-36.05316867856884
449,47141678566,31950190807,0.0233333333333333,-5.705854534868399
450,47141678566,6363355555,0.0233333333333333,5.130385347456144
451,47141678566,39222543540,0.0233333333333333,5.906879218010234
452,47141678566,5995210629,0.0699999999999999,8.148666434230899
453,47141678566,1578981655,0.0233333333333333,10.445749126019145
454,47141678566,3461986384,0.0466666666666666,6.419159748403756
455,47141678566,12135684276,0.0466666666666666,-13.90173020409341
456,47141678566,5514680680,0.0233333333333333,1.205364353150352
457,47141678566,4424245349,0.0233333333333333,12.803008984000657
458,47141678566,32189562269,0.0233333333333333,-36.79544675672877
459,47141678566,39656721196,0.0233333333333333,-9.255387148666347
460,47141678566,18734726145,0.0233333333333333,-20.858920030812012
461,47141678566,6404195360,0.0233333333333333,-10.453252042561513
462,47141678566,1647320062,0.0233333333333333,3.954622042972062
463,47141678566,47238212186,0.0466666666666666,8.882004814067296
464,47141678566,8288975984,0.0699999999999999,-3.362102004972668
465,47141678566,8685075591,0.0233333333333333,25.475540012393317
466,47141678566,52463862880,0.0233333333333333,-9.600902176047546
467,47141678566,17301081042,0.0699999999999999,0.7231493831850178
468,47141678566,7235717783,0.0466666666666666,5.478287523330774
469,47141678566,4217299646,0.0466666666666666,16.66627254333995
470,47141678566,44591820085,0.0233333333333333,-8.011493914706369
471,47141678566,47246675500,0.0233333333333333,-8.150396394486249
472,47141678566,1835201779,0.0233333333333333,12.1195859323387
473,47141678566,10751029261,0.0233333333333333,-17.881898631190463
474,47141678566,5403293738,0.0466666666666666,9.812140963660184
475,47141678566,38502004746,0.0466666666666666,-0.33904910523051407
476,47141678566,3322197569,0.0233333333333333,22.26793727223131
477,47141678566,44578223802,0.0233333333333333,11.491274661759256
478,47141678566,47081907532,0.0466666666666666,21.467665980290437
479,47141678566,16178981989,0.0233333333333333,-17.61175997260188
480,47141678566,40083000770,0.0233333333333333,-3.8210782867706232
481,47141678566,10663499701,0.0233333333333333,-11.09419365855851
482,47141678566,18266061208,0.0233333333333333,16.046714618870663
483,47141678566,31695878450,0.0699999999999999,16.067340149268528
484,47141678566,5582607019,0.0233333333333333,7.912956266018997
485,47141678566,30012892445,0.0233333333333333,-11.4751076826391
486,47141678566,4311887389,0.0233333333333333,-0.12270264797606843
487,47141678566,29854099481,0.0233333333333333,-12.569657772893647
488,47141678566,14654913259,0.0233333333333333,10.366847482450153
489,1803162637,388029855,0.0466666666666666,5.652421176696519
490,1803162637,1554050917,0.0233333333333333,-6.534934670240009
491,1803162637,5442215462,0.0233333333333333,3.205199361916475
492,1803162637,3223222302,0.0233333333333333,4.201091074702188
493,1803162637,8567264700,0.0933333333333333,-6.498745168210162
494,1803162637,4852797327,0.0233333333333333,-9.498814626393184
495,1803162637,45790004261,0.0466666666666666,-0.4089407068082864
496,1803162637,5693749143,0.0466666666666666,3.6609969885967657
497,1803162637,30823290751,0.0233333333333333,-4.444325998871173
498,1803162637,10021989927,0.0466666666666666,-28.3001052377013
499,1803162637,6113948154,0.0233333333333333,3.4539659907724847
500,1803162637,4030948544,0.0233333333333333,-18.85769287526401
501,1803162637,50717535142,0.0233333333333333,-32.64350031329201
502,1803162637,7098779226,0.0233333333333333,7.327678101541656
503,1803162637,8997740850,0.0233333333333333,3.117503425120145
504,1803162637,6570240196,0.0233333333333333,4.760177529920954
505,1803162637,2270763108,0.0233333333333333,0.33660121556305883
506,1803162637,15630366377,0.0233333333333333,-3.0757974215453534
507,1803162637,5899169954,0.0233333333333333,7.460935277075146
508,1803162637,8179472281,0.0233333333333333,-4.818430102500966
509,1803162637,634738447,0.0233333333333333,-2.959571953935644
510,1803162637,52115688494,0.0233333333333333,-5.967960159527739
511,1803162637,295596223,0.0233333333333333,4.846718180240573
512,1803162637,8219399678,0.0233333333333333,21.877449074501754
513,27849870249,4310520843,0.0233333333333333,27.365984573771385
514,27849870249,1664958484,0.1166666666666666,9.34108570715489
515,27849870249,521150256,0.0233333333333333,4.862328366769652
516,27849870249,1479990037,0.0233333333333333,-14.069809137495453
517,27849870249,1402153358,0.3033333333333333,6.518136859838364
518,27849870249,14436121,0.0233333333333333,14.798457126789732
519,27849870249,1680878441,0.0699999999999999,3.0082418535548086
520,27849870249,48979613873,0.0233333333333333,-23.071659172675417
521,27849870249,54179772699,0.0233333333333333,-7.592223350289148
522,27849870249,17629931594,0.0233333333333333,2.421482949024032
523,27849870249,7746557389,0.0233333333333333,-6.1930409972699465
524,27849870249,1539836450,0.0233333333333333,-22.637252065001025
525,27849870249,28269516582,0.0233333333333333,-15.287811187005584
526,27849870249,1229412047,0.0233333333333333,4.8916529786375875
527,27849870249,52114927506,0.0233333333333333,3.9118906654829577
528,27849870249,51894375352,0.0233333333333333,13.885312091655688
529,27849870249,52383466370,0.0233333333333333,4.853845430544903
530,27849870249,286321886,0.0233333333333333,-5.098964002898648
531,27849870249,39684595655,0.0233333333333333,-2.4312309262852208
532,27849870249,1414853114,0.0466666666666666,-7.2861469228246385
533,27849870249,3616742681,0.0233333333333333,4.164431083095359
534,27849870249,2320608182,0.0699999999999999,-0.5720927174968882
535,27849870249,6178528144,0.0699999999999999,5.25306853717605
536,27849870249,7030440736,0.0233333333333333,0.24079357143814403
537,27849870249,46379422147,0.0233333333333333,33.075665139064455
538,27849870249,1833622741,0.0233333333333333,-1.2852390873049384
539,27849870249,4520740721,0.0233333333333333,0.4851240241802215
540,27849870249,16637761250,0.0233333333333333,2.81562485822765
541,27849870249,7869191324,0.0233333333333333,-18.977207923520755
542,27849870249,4053907358,0.0233333333333333,-0.7555035830556702
543,27849870249,5422340579,0.0233333333333333,4.5163064148150385
544,27849870249,599760174,0.0233333333333333,-7.534456400579597
545,41823849772,18905794367,0.0933333333333333,-59.9149194257787
546,41823849772,4951298919,0.0933333333333333,14.51869426664959
547,41823849772,2886676112,0.0233333333333333,-4.109661256313429
548,41823849772,8950372176,0.0699999999999999,3.267555390180056
549,41823849772,53133530673,0.0233333333333333,26.171382451419223
550,41823849772,12311815575,0.0233333333333333,-5.484593869293508
551,41823849772,33484397622,0.0233333333333333,14.426020752277608
552,41823849772,47469133672,0.0466666666666666,9.14951085347663
553,41823849772,18330278244,0.0699999999999999,2.077487924574721
554,41823849772,18825466629,0.0699999999999999,-12.408028361302105
555,41823849772,32272875780,0.0699999999999999,38.43690977076724
556,41823849772,8468305354,0.0233333333333333,12.308149729426798
557,41823849772,6621632201,0.0466666666666666,0.9828695630311903
558,41823849772,3533504457,0.0233333333333333,21.26479389304934
559,41823849772,47972895652,0.0233333333333333,-2.626197025083884
560,41823849772,4752621369,0.0233333333333333,7.899442974886404
561,41823849772,4049329774,0.0466666666666666,-33.41641472887053
562,41823849772,4956597638,0.0466666666666666,-1.08743823762776
563,41823849772,5962783243,0.0466666666666666,-13.583627615187314
564,41823849772,7479164336,0.0233333333333333,0.11169732298677687
565,41823849772,4255795839,0.0233333333333333,2.015093134465569
566,41823849772,4674097032,0.0233333333333333,1.0578198980870401
567,41823849772,2536226805,0.0233333333333333,11.117409746923373
568,41823849772,1520169338,0.0233333333333333,-4.376281057827093
569,41823849772,48116752371,0.0233333333333333,-14.015606038905874
570,41823849772,32905374554,0.0233333333333333,28.004439468688183
571,41823849772,4553534577,0.0233333333333333,-3.2650088990525323
572,41823849772,44777020355,0.0233333333333333,6.42400511966445
573,51233789950,23290787333,0.0466666666666666,19.49791933644943
574,51233789950,53601763484,0.0233333333333333,-11.332387679001247
575,51233789950,51605106369,0.2566666666666666,-1.4197484729654994
576,51233789950,46697816403,0.1633333333333333,-29.256760380356376
577,51233789950,50319913278,0.0233333333333333,6.697229207563992
578,51233789950,40611125551,0.0233333333333333,-12.434453967116234
579,51233789950,6050509147,0.0699999999999999,15.643812449586022
580,51233789950,50594471139,0.0233333333333333,1.1542532346408567
581,51233789950,4915251430,0.0233333333333333,0.538374798192011
582,51233789950,54283020544,0.0233333333333333,9.60407605721436
583,51233789950,47663175496,0.0233333333333333,-22.083221472924038
584,51233789950,8763049734,0.0233333333333333,-14.66858458439415
585,51233789950,13087943837,0.0233333333333333,0.9594038382162876
586,51233789950,45216711003,0.0233333333333333,2.0588282730900334
587,51233789950,53667672742,0.0233333333333333,25.005197920683685
588,51233789950,49690598000,0.0233333333333333,2.70416814239822
589,51233789950,39267606971,0.0233333333333333,-15.624527651444541
590,51233789950,53597325003,0.0233333333333333,-7.710243452161355
591,51233789950,50297390593,0.0466666666666666,7.881579335898384
592,51233789950,5586253560,0.0233333333333333,-20.882058054852944
593,51233789950,51667710971,0.0933333333333333,5.773110465202228
594,51233789950,48802842565,0.0233333333333333,-2.342208283699367
595,51233789950,1968475560,0.0233333333333333,5.902050453347124
596,51233789950,51125376042,0.1166666666666666,-1.9245073160484103
597,51233789950,1574498737,0.0233333333333333,-0.6187561415829337
598,51233789950,39709222240,0.0233333333333333,-11.508539561693775
599,51233789950,54106746511,0.0233333333333333,-0.6799257969402529
600,51233789950,47606272354,0.0233333333333333,7.343327159029405
601,51233789950,27276533242,0.0233333333333333,0.7656665876518388
602,51233789950,48376252828,0.0233333333333333,-1.7484463363791718
603,51233789950,51067645269,0.0233333333333333,0.8388076009889254
604,51233789950,47618753249,0.0466666666666666,-0.02108174913471509
605,51233789950,1935489450,0.0233333333333333,4.452490623541873
606,51233789950,36626247890,0.0233333333333333,13.90705120790815
607,51233789950,49486147726,0.0233333333333333,4.078921048771506
608,51233789950,53227720877,0.0233333333333333,10.90686349804078
609,51233789950,6177123967,0.1399999999999999,-5.132181369302901
610,51233789950,48862719394,0.0933333333333333,0.7869123981323082
611,51233789950,51161793071,0.21,-5.213073943084077
612,51233789950,49042189404,0.0233333333333333,-4.517740458110504
613,51233789950,52598591909,0.0233333333333333,4.695604333279704
614,51233789950,51463517404,0.0233333333333333,-0.8906362051620035
615,51233789950,51994395644,0.0233333333333333,-2.9301127888094696
616,51233789950,45414808581,0.0233333333333333,-2.4939899030275505
617,7892141608,2534646146,0.0233333333333333,-13.611426897695239
618,7892141608,5771887082,0.0233333333333333,-9.320564068219591
619,7892141608,835990953,0.0466666666666666,-0.4910888641414049
620,7892141608,3067131679,0.0233333333333333,6.641868471790948
621,7892141608,50716431,0.0466666666666666,8.016704000351691
622,7892141608,54522372793,0.0466666666666666,-3.548481152114365
623,7892141608,5833192798,0.0466666666666666,5.768709729770163
624,7892141608,45427854537,0.0233333333333333,4.488727421219073
625,7892141608,54736163886,0.0233333333333333,1.1619327809866289
626,7892141608,8546917003,0.0233333333333333,29.279776677837408
627,7892141608,7075725210,0.0233333333333333,5.300947632690071
628,7892141608,53353670088,0.0233333333333333,-8.068251408795536
629,7892141608,43037809539,0.0233333333333333,-2.161573019094243
630,7892141608,8261647925,0.0466666666666666,-11.90300328270997
631,7892141608,3922917588,0.0233333333333333,15.752411239245246
632,7892141608,3990692715,0.0699999999999999,-13.040403785030431
633,7892141608,3610882072,0.0466666666666666,16.32369692912741
634,7892141608,49300666228,0.0233333333333333,17.93566238437058
635,7892141608,598172265,0.0233333333333333,6.176031790215442
636,7892141608,190864237,0.0233333333333333,8.79273315848443
637,7892141608,8204530169,0.0699999999999999,38.966492060457405
638,7892141608,223129326,0.0233333333333333,-13.116065893529317
639,7892141608,6831809554,0.0233333333333333,1.1211251998073386
640,7892141608,8437938898,0.0699999999999999,5.327623760188364
641,7892141608,7913495839,0.0233333333333333,-33.7588448396871
642,7892141608,1588314133,0.0233333333333333,-0.6960891945029367
643,7892141608,2962422115,0.0233333333333333,12.022193478985171
644,7892141608,2542419792,0.0233333333333333,-5.709142525148847
645,7892141608,33291403718,0.0233333333333333,-4.060910457971665
646,7892141608,5327796585,0.0233333333333333,-4.498673301499242
647,7892141608,817231842,0.0233333333333333,-7.430063871169167
648,7892141608,178784195,0.0233333333333333,-3.47691373977115
649,3662069629,2285875197,0.0233333333333333,-0.842048577162138
650,3662069629,41874668308,0.0233333333333333,2.3722476162771917
651,3662069629,51276516149,0.0233333333333333,10.557402539382494
652,3662069629,14471878893,0.0233333333333333,-1.7114481370371826
653,3662069629,4753417871,0.0933333333333333,0.9611709789607179
654,3662069629,5543655658,0.0233333333333333,1.2997013751907887
655,3662069629,38318361661,0.0699999999999999,-27.114268206480723
656,3662069629,2229944531,0.0233333333333333,11.097691747305674
657,3662069629,31845577289,0.0233333333333333,6.982331764756351
658,3662069629,1988129882,0.0466666666666666,23.51373069518017
659,3662069629,1346946109,0.0699999999999999,-4.77120482535113
660,3662069629,27143347898,0.0699999999999999,2.9007753630024085
661,3662069629,4483135947,0.0466666666666666,20.282659745529145
662,3662069629,8077468703,0.0233333333333333,19.31026420977572
663,3662069629,7090601271,0.0933333333333333,33.12532712583446
664,3662069629,5404719300,0.0233333333333333,-17.558559760955056
665,3662069629,1035319750,0.0233333333333333,-6.244775875506648
666,3662069629,2163924344,0.0233333333333333,3.8023539130266193
667,3662069629,4833415783,0.0233333333333333,16.366353409738117
668,3662069629,10173270499,0.0233333333333333,-26.42655299604512
669,3662069629,9401607917,0.0233333333333333,-7.063491613876801
670,3662069629,5489732371,0.0233333333333333,-0.7173398418783111
671,3662069629,5532124631,0.0466666666666666,-3.891676907996935
672,3662069629,3662069629,0.0233333333333333,3.9820982081843592
673,3662069629,4932497447,0.0233333333333333,3.4083291053202647
674,6254041525,9963603571,0.0933333333333333,-20.38158435436288
675,6254041525,4759728464,0.1633333333333333,-3.6597600733385693
676,6254041525,2231979675,0.0233333333333333,2.7109972360329864
677,6254041525,54540222288,0.0233333333333333,-7.584360360504375
678,6254041525,54388970561,0.0233333333333333,-28.62687061802206
679,6254041525,5996147669,0.0466666666666666,1.6290054729884955
680,6254041525,12025429508,0.1866666666666666,-18.155607950440828
681,6254041525,3569766902,0.0699999999999999,14.83341351855223
682,6254041525,4283657929,0.1399999999999999,-0.01758304720946241
683,6254041525,1511220541,0.0466666666666666,25.21678627224125
684,6254041525,4012087743,0.0233333333333333,7.762995248179835
685,6254041525,51043552124,0.0233333333333333,21.342438682462625
686,6254041525,49139235096,0.0233333333333333,6.160351439746809
687,6254041525,8144478826,0.0233333333333333,1.3261477089336722
688,6254041525,51504273808,0.0233333333333333,-0.13132247721197568
689,6254041525,53848748035,0.0233333333333333,2.4091413659778453
690,6254041525,51495158647,0.0233333333333333,-0.6603422614017661
691,6254041525,51712323131,0.0233333333333333,29.271694422741234
692,6254041525,48533373178,0.0233333333333333,0.6869416875532001
693,6254041525,9891511200,0.0233333333333333,-4.79189831281708
694,6254041525,53499281160,0.0233333333333333,0.9730986924111843
695,6254041525,9215216892,0.0933333333333333,-2.7831917766532275
696,6254041525,48265246940,0.0233333333333333,12.787629571585008
697,6254041525,51915641045,0.0233333333333333,5.424792258908625
698,6254041525,47449600694,0.0233333333333333,-2.7488100390062633
699,6254041525,53555964000,0.0233333333333333,-33.30695723412429
700,6254041525,49092380670,0.0233333333333333,-0.671294719341449
701,6254041525,48690896633,0.0233333333333333,-19.20798055549735
702,6254041525,52990180288,0.0233333333333333,-10.84460546134559
703,6254041525,53585536557,0.0233333333333333,-65.89249570126152
704,6254041525,47237907943,0.0233333333333333,-9.98138907800811
705,6254041525,2239015114,0.0233333333333333,-2.880271461896743
706,6254041525,4738380491,0.0466666666666666,29.58061631211947
707,6254041525,7479431194,0.1399999999999999,18.383565215497157
708,6254041525,53349869796,0.0233333333333333,-8.170561083283477
709,6254041525,50419944197,0.0466666666666666,36.47609939786318
710,6254041525,52820547350,0.0233333333333333,-3.0746627617875935
711,6254041525,52748780803,0.0233333333333333,-4.776653449406776
712,6254041525,51042108496,0.0233333333333333,10.392752242107527
713,6254041525,51331277090,0.0233333333333333,2.601001365303358
714,6254041525,52163547449,0.0233333333333333,-36.1951829572324
715,6254041525,50918624100,0.0466666666666666,17.377071229078055
716,6254041525,51773234830,0.0233333333333333,-11.198163676074886
717,6254041525,52143558487,0.0233333333333333,36.862597408483445
718,6254041525,51769596818,0.0233333333333333,27.070074419255008
719,6254041525,286755239,0.0699999999999999,-5.547523994850262
720,6254041525,3236547475,0.0233333333333333,23.244805258807418
721,6254041525,50808734212,0.0233333333333333,5.797846009053746
722,6254041525,5549593742,0.0233333333333333,-34.84739556585105
723,6254041525,4203375412,0.0233333333333333,-14.715529939840907
724,6254041525,42732004062,0.0233333333333333,0.5920188339760087
725,6254041525,51652355514,0.0233333333333333,6.161414029738823
726,6254041525,51246643389,0.0233333333333333,7.616730807801217
727,6254041525,52372966688,0.0233333333333333,18.16409017345319
728,6254041525,48482470053,0.0233333333333333,36.251900200968215
729,6254041525,5319732403,0.0233333333333333,5.6001914108977395
730,6254041525,19126114426,0.1399999999999999,-4.746548490339817
731,6254041525,3971943567,0.0233333333333333,15.642710856132288
732,6254041525,47345671890,0.0466666666666666,-23.940321393590885
733,6254041525,49574197837,0.0233333333333333,-1.4599554384484743
734,6254041525,50077554547,0.0233333333333333,7.507846419508167
735,6254041525,1909915007,0.0933333333333333,7.920376335312505
736,6254041525,6836396415,0.0233333333333333,-0.5150733449477224
737,6254041525,48214950847,0.0233333333333333,-3.3131763683420226
738,6254041525,1412693145,0.0233333333333333,-0.8155561936736113
739,6254041525,5564892211,0.1399999999999999,-2.945246781510604
740,6254041525,4710057687,0.0233333333333333,-13.22473492186264
741,6254041525,50472105314,0.0233333333333333,4.159718595775396
742,6254041525,51774770771,0.0233333333333333,-10.166225540099177
743,6254041525,48135872447,0.0233333333333333,-4.155160538770551
744,6254041525,50925078928,0.0233333333333333,7.647797335029432
745,6254041525,47883617588,0.0233333333333333,-24.93085732308342
746,6254041525,49287614784,0.0233333333333333,-3.994404626858116
747,6254041525,50454968126,0.0233333333333333,5.284449511469831
748,6254041525,4870065713,0.0933333333333333,7.346493633946464
749,6254041525,6847070497,0.0466666666666666,-12.158152553319136
750,6254041525,50742915683,0.0233333333333333,-11.575121740428767
751,6254041525,5456275443,0.0933333333333333,-6.376173425075387
752,6254041525,2939104847,0.0233333333333333,3.4456456174086254
753,6254041525,51425860030,0.0233333333333333,8.179051527565163
754,6254041525,48092758757,0.0466666666666666,3.4674752500985218
755,6254041525,50861765395,0.0233333333333333,14.477613745691826
756,6254041525,51603462561,0.0233333333333333,23.473253090645834
757,6254041525,7956892801,0.0233333333333333,2.8985915861842315
758,6254041525,44532397430,0.0233333333333333,-26.787747714089896
759,6254041525,51291282213,0.0233333333333333,8.162565975814164
760,6254041525,48679760636,0.0233333333333333,-25.33297039695686
761,6254041525,6861831173,0.0233333333333333,-10.48280144853888
762,6254041525,1045797816,0.0233333333333333,12.127030987166592
763,6254041525,50980373933,0.0233333333333333,4.416970690845003
764,6254041525,45314699550,0.0233333333333333,-3.607960082026251
765,6254041525,51295649431,0.0233333333333333,26.672899535628968
766,6254041525,48831012352,0.0233333333333333,18.269613583730045
767,6254041525,39885296734,0.0233333333333333,-6.622443632470572
768,6254041525,7897261727,0.0233333333333333,5.101445698164142
769,6254041525,48023275451,0.0233333333333333,14.73826024451191
770,6254041525,46393748646,0.0233333333333333,-3.103037292065051
771,6254041525,47085602226,0.0233333333333333,3.1568291950973375
772,6254041525,25972679995,0.0233333333333333,9.137373691804786
773,6254041525,6238909612,0.0933333333333333,4.561522093601759
774,6254041525,12181787747,0.0933333333333333,-5.776495095858455
775,6254041525,50128462843,0.0233333333333333,-8.976062204406148
776,6254041525,2080205216,0.0233333333333333,-18.558457154900662
777,6254041525,8077923190,0.0233333333333333,-7.026206776970139
778,6254041525,5035301008,0.0233333333333333,-2.2091495292495322
779,6254041525,7938755303,0.0233333333333333,4.316928954072134
780,6254041525,7330781055,0.0233333333333333,1.1671272952258833
781,6254041525,49161067799,0.0233333333333333,11.716578730376447
782,6254041525,40771631828,0.0233333333333333,-20.658643306205718
783,6254041525,1542562672,0.0466666666666666,-0.9009555024532495
784,6254041525,29455041219,0.0233333333333333,-2.686603208263875
785,6254041525,48289181831,0.0233333333333333,5.088244739588686
786,6254041525,8397545443,0.0233333333333333,-1.3369487596944183
787,2224268106,3239091377,0.0466666666666666,23.10167832647184
788,2224268106,1794309001,0.0466666666666666,-4.936073917148994
789,2224268106,3248023141,0.0233333333333333,3.684221799582657
790,2224268106,43778736225,0.0466666666666666,5.604533231261724
791,2224268106,50286380667,0.0466666666666666,2.241202273195241
792,2224268106,4130659111,0.0699999999999999,15.495146745739596
793,2224268106,2249697133,0.0466666666666666,-7.289420274068637
794,2224268106,3666713701,0.0699999999999999,-2.8998359003839482
795,2224268106,6755475702,0.0466666666666666,-27.059349598462312
796,2224268106,289469483,0.1399999999999999,-1.0481317628050848
797,2224268106,3225675070,0.0933333333333333,1.7248968846138848
798,2224268106,7721382467,0.0233333333333333,6.531946828105173
799,2224268106,4306449025,0.0233333333333333,13.947509973975963
800,2224268106,6031264950,0.0466666666666666,-12.282683229631761
801,2224268106,3069471156,0.0466666666666666,-4.089106226481204
802,2224268106,1139264885,0.5133333333333333,-27.7385247112051
803,2224268106,48340055106,0.3033333333333333,-0.9650223071315456
804,2224268106,454948626,0.0233333333333333,5.190516883160594
805,2224268106,4936520021,0.5599999999999999,31.05546826957682
806,2224268106,22192986094,0.0466666666666666,6.347556173244557
807,2224268106,653824285,0.0699999999999999,12.197702854874251
808,2224268106,184508390,0.0466666666666666,11.69250094155603
809,2224268106,629063621,0.1633333333333333,-4.674661664584496
810,2224268106,2224268106,0.2566666666666666,38.671784209193035
811,2224268106,964913136,0.0933333333333333,-3.576182727840334
812,2224268106,2053760093,0.0233333333333333,4.588836035243738
813,2224268106,1535878765,0.21,4.347926354598951
814,2224268106,7390859668,0.0699999999999999,2.0790110588530446
815,2224268106,47348598173,0.0233333333333333,-9.540306942919383
816,2224268106,5785941295,0.0466666666666666,1.9298726235378882
817,2224268106,4007803529,0.0233333333333333,12.70133216104997
818,2224268106,6140863484,0.0233333333333333,2.9284642057973396
819,2224268106,52084286852,0.0233333333333333,5.509001227231269
820,2224268106,3737437477,0.5133333333333333,7.175997868300666
821,2224268106,313972614,0.0233333333333333,16.275718145920905
822,2224268106,52020918134,0.0233333333333333,-7.02244382469755
823,2224268106,47765015507,0.0233333333333333,1.736178854908386
824,2224268106,5558653323,0.1166666666666666,-0.2952947095736827
825,2224268106,45505586153,0.0233333333333333,3.249109752312032
826,2224268106,44785466012,0.0233333333333333,-50.17886920098447
827,2224268106,48816737192,0.0466666666666666,-66.4847714222338
828,2224268106,994504395,0.0699999999999999,3.0884502213137988
829,2224268106,299022427,0.0233333333333333,10.250365293531738
830,2224268106,1502120194,0.0233333333333333,2.3030904110063375
831,2224268106,2274582220,0.0233333333333333,12.100008154784167
832,2224268106,304107695,0.0466666666666666,39.23652294736262
833,2224268106,42613703518,0.0233333333333333,-0.532379642869913
834,2224268106,2024930126,0.0233333333333333,-22.079133927399713
835,2224268106,3447584817,0.0233333333333333,-2.4532004957609543
836,2224268106,2107829033,0.0233333333333333,-1.1638419827618525
837,2224268106,12914215877,0.0233333333333333,9.681470952092141
838,2224268106,2004624396,0.0233333333333333,-4.321819946339763
839,2224268106,36135180954,0.0233333333333333,-1.2642659778175822
840,2224268106,43602356937,0.0466666666666666,8.415701125392754
841,2224268106,12481779520,0.0466666666666666,10.268870276451423
842,2224268106,5836173647,0.0933333333333333,-10.820792323936965
843,2224268106,2026447948,0.0466666666666666,-16.732308654403916
844,2224268106,26218928085,0.0233333333333333,17.121660984229074
845,2224268106,18571978886,0.0233333333333333,-9.776848510409263
846,2224268106,10241693428,0.0233333333333333,1.4589735819857073
847,2224268106,533224569,0.0466666666666666,12.510093017288494
848,2224268106,3698396472,0.0233333333333333,-2.501942967200934
849,2224268106,3945552465,0.0233333333333333,-9.93424338308499
850,2224268106,2075014663,0.0233333333333333,-2.376777081645243
851,2224268106,1682418860,0.0233333333333333,-37.455205165910364
852,2224268106,26039150064,0.0233333333333333,19.91238873870185
853,2224268106,7075173902,0.0466666666666666,-7.008766883060115
854,2224268106,3417127003,0.0466666666666666,13.26863454969144
855,2224268106,6625212757,0.0233333333333333,0.8332255741736719
856,2224268106,3561458444,0.0233333333333333,0.39490558814569005
857,5683725413,1221816813,0.0233333333333333,-8.389656234249303
858,5683725413,5486356421,0.1399999999999999,-7.925860511866701
859,5683725413,9007741622,0.1399999999999999,-5.421879510196786
860,5683725413,5363793518,0.1399999999999999,-13.120254739230116
861,5683725413,298127497,0.0466666666666666,0.601127057922405
862,5683725413,3732204433,0.0233333333333333,12.177357472948113
863,5683725413,9235577639,0.0233333333333333,-0.8084188254912985
864,5683725413,1492327760,0.0699999999999999,3.4867498841391247
865,5683725413,32173777926,0.0466666666666666,-7.751336400905332
866,5683725413,40995068212,0.0233333333333333,-10.203258389093305
867,5683725413,52969078666,0.0233333333333333,20.605812782007995
868,5683725413,2242250812,0.0466666666666666,29.81512282581187
869,5683725413,1495172126,0.0233333333333333,-0.16805133342734632
870,5683725413,686667337,0.0466666666666666,37.587355047709565
871,5683725413,1557050973,0.0233333333333333,7.099914724113599
872,5683725413,6719864344,0.0466666666666666,-6.120362619809814
873,5683725413,51000107247,0.0233333333333333,-4.593405451753303
874,5683725413,48523435069,0.0233333333333333,2.4781537721084947
875,5683725413,2022605349,0.0466666666666666,11.89116742595898
876,5683725413,3807011537,0.0233333333333333,2.8792599853507967
877,5683725413,5683725413,0.0233333333333333,-10.24360837865315
878,5683725413,4035547341,0.0233333333333333,8.240998706894
879,5683725413,17639134331,0.0466666666666666,34.02395145858085
880,5683725413,6864998470,0.0233333333333333,-0.252845022721541
881,49300974134,51125433166,0.0233333333333333,9.46975168264264
882,49300974134,8009893694,0.0233333333333333,0.04820501627895815
883,49300974134,6921731871,0.0233333333333333,19.965539387233058
884,49300974134,1265181453,0.0233333333333333,62.49322585061407
885,49300974134,9181999970,0.0233333333333333,3.9100983334197204
886,49300974134,48752037134,0.0233333333333333,-34.45497683497024
887,49300974134,48154005147,0.0233333333333333,17.883455886148536
888,49300974134,47827178728,0.0233333333333333,4.93458186435882
889,49300974134,52120165354,0.0233333333333333,-7.43166090955579
890,49300974134,6646497245,0.0233333333333333,-8.596666132147583
891,49300974134,46701951509,0.0233333333333333,4.428037798628535
892,49300974134,6852391761,0.0233333333333333,13.96439020705817
893,49300974134,1353281982,0.0233333333333333,28.222763011425492
894,49300974134,46192458129,0.0233333333333333,-6.794079474677343
895,49300974134,50595215185,0.0233333333333333,-4.059308795864187
896,8565512647,1415646499,0.1633333333333333,4.429626846015751
897,8565512647,47413952439,0.0233333333333333,1.9869887838320068
898,8565512647,2310297485,0.0233333333333333,-14.24405233858334
899,8565512647,45029405313,0.0233333333333333,14.553644555475733
900,8565512647,40242484875,0.0466666666666666,-5.052227618087143
901,8565512647,26230297145,0.0233333333333333,4.742678237982594
902,8565512647,44315047615,0.0466666666666666,-6.324470247909943
903,8565512647,350949943,0.0233333333333333,19.248862551324482
904,8565512647,742722055,0.1399999999999999,10.32614459342156
905,8565512647,5522625884,0.0466666666666666,3.851288978455138
906,8565512647,1803162637,0.2799999999999999,-26.371688588154786
907,8565512647,49224727618,0.0233333333333333,-4.70181120409545
908,8565512647,2958777354,0.0233333333333333,-20.096495359148065
909,8565512647,4003472335,0.0233333333333333,1.7341526524756894
910,8565512647,2244402805,0.0699999999999999,19.716451247647
911,8565512647,11769798556,0.0466666666666666,-1.5044786785814337
912,8565512647,48779462133,0.0233333333333333,0.6545810757367923
913,8565512647,2087388082,0.0233333333333333,-5.045360276692405
914,8565512647,2275944297,0.0233333333333333,-2.703128669233397
915,8565512647,3283035244,0.0233333333333333,-11.204978468711658
916,8565512647,2320476776,0.0233333333333333,-4.0036095731931685
917,8565512647,1474184582,0.0933333333333333,10.383180061721454
918,8565512647,1394921383,0.0233333333333333,9.222190223201906
919,8565512647,5548929745,0.0233333333333333,-2.9134531239195733
920,8565512647,295596223,0.0466666666666666,-3.3910780247731367
921,8565512647,374648734,0.0233333333333333,3.3894414235816415
922,8565512647,1442340144,0.0233333333333333,-2.3815810672137063
923,8565512647,38394222,0.0233333333333333,11.916346109598917
924,8565512647,1363667262,0.0466666666666666,5.198852118266426
925,8565512647,3604510776,0.0233333333333333,-1.3319515161502642
926,3444777932,347504934,0.0233333333333333,17.84836924264632
927,3444777932,399972932,0.6066666666666667,-15.718989279337864
928,3444777932,2898232344,0.21,12.008784520909723
929,3444777932,46773078698,0.1166666666666666,-6.497814223850433
930,3444777932,48393740663,0.0233333333333333,18.704618157166543
931,3444777932,1350110417,0.0233333333333333,1.898245223543105
932,3444777932,552012954,0.0699999999999999,-15.380732833021339
933,3444777932,6690986912,0.0233333333333333,-7.935237361845334
934,3444777932,273464037,0.0233333333333333,-17.67909332079753
935,3444777932,1900495345,0.0233333333333333,3.1786425514291636
936,3444777932,8317065348,0.0233333333333333,5.626107310008834
937,3444777932,3559349682,0.0233333333333333,-8.22082732334768
938,3444777932,309085042,0.0233333333333333,28.771246126923852
939,3444777932,40482870455,0.0233333333333333,-3.3822012322338986
940,3444777932,12277100520,0.0933333333333333,19.152013247992937
941,3444777932,18615503,0.0233333333333333,-5.198612066316484
942,3444777932,8380065938,0.0933333333333333,14.893399336359758
943,3444777932,55112818246,0.0233333333333333,10.91375519109105
944,3444777932,41017573,0.0233333333333333,-1.176817916900927
945,3444777932,37353907420,0.2566666666666666,46.257637322961116
946,3444777932,8713153590,0.0699999999999999,4.94228945174808
947,3444777932,414597330,0.0233333333333333,1.553736180931441
948,3444777932,52602367031,0.0233333333333333,2.255302405808048
949,3444777932,22208540312,0.0233333333333333,-4.245837397707853
950,3444777932,8493577225,0.0933333333333333,-8.848103533301721
951,3444777932,350562740,0.0466666666666666,-19.245325087734003
952,3444777932,2238352987,0.0233333333333333,-12.235549958199623
953,3444777932,25053107914,0.0233333333333333,15.42371082313138
954,3444777932,5541355704,0.0933333333333333,-1.9405291607634036
955,3444777932,1444633650,0.0933333333333333,-10.41167433263065
956,3444777932,48875213251,0.0233333333333333,9.578330713972147
957,3444777932,546017926,0.0233333333333333,4.676309867942172
958,3444777932,1641783825,0.1399999999999999,-7.002150178999951
959,3444777932,3694086706,0.1866666666666666,30.95289771149637
960,3444777932,52649853945,0.0233333333333333,23.869789150827756
961,3444777932,188919758,0.0233333333333333,-3.025514482862733
962,3444777932,8152872335,0.0466666666666666,4.969861896661205
963,3444777932,21879412720,0.1399999999999999,-5.415225450476227
964,3444777932,48247736162,0.0233333333333333,8.48093932359368
965,3444777932,3991504370,0.0233333333333333,16.8378354445626
966,3444777932,47644185475,0.0233333333333333,-30.72155218004819
967,3444777932,6648494824,0.0466666666666666,1.1994481241495867
968,3444777932,631353206,0.0699999999999999,0.25250968933713724
969,3444777932,7288860306,0.0233333333333333,-3.5461919618875584
970,3444777932,48613519997,0.0466666666666666,-4.682910549805855
971,3444777932,51037841636,0.0233333333333333,-39.147182356568386
972,3444777932,4549559325,0.0233333333333333,1.6801067458805792
973,3444777932,44847461304,0.0233333333333333,5.055638448095786
974,3444777932,49391751307,0.0233333333333333,20.016167801363203
975,3444777932,45699752947,0.0466666666666666,2.463973747665731
976,3444777932,46289438832,0.0466666666666666,22.55139528275782
977,3444777932,13992302496,0.0699999999999999,-4.064554445122023
978,3444777932,9001143919,0.0233333333333333,-1.781171114610971
979,3444777932,2200285030,0.0466666666666666,3.7958295834314337
980,3444777932,8891286293,0.0233333333333333,-2.9925225557237867
981,3444777932,46831367101,0.0466666666666666,-0.2113468284887461
982,3444777932,12414002460,0.0466666666666666,1.4358731525449542
983,3444777932,5686548697,0.0466666666666666,10.751330916594698
984,3444777932,472799391,0.0233333333333333,-0.6864107671297336
985,3444777932,14287323060,0.0466666666666666,25.979942016708478
986,3444777932,269570620,0.1166666666666666,-16.791383083825377
987,3444777932,3558703759,0.0233333333333333,-2.854917925811575
988,3444777932,4291372639,0.0233333333333333,-17.15211289006916
989,3444777932,19559320207,0.0466666666666666,4.5225685455800395
990,3444777932,48786015346,0.0233333333333333,-3.795653146583941
991,3444777932,11099059183,0.0233333333333333,-11.366916780109506
992,3444777932,38412840063,0.0699999999999999,9.051439618256055
993,3444777932,1092019576,0.0233333333333333,4.62658887069899
994,3444777932,46677386256,0.0466666666666666,8.969026102283875
995,3444777932,997948358,0.0233333333333333,13.644447831318068
996,3444777932,2030244085,0.0233333333333333,-4.623833285401867
997,3444777932,5972350962,0.0466666666666666,3.730789811728184
998,3444777932,1553382581,0.0233333333333333,-13.58115120420327
999,3444777932,579598421,0.0233333333333333,6.180064850762994
1000,3444777932,1979953657,0.0233333333333333,3.1369306492975095
1001,3444777932,2353058301,0.0233333333333333,6.96866091478112
1002,3444777932,5541466149,0.0233333333333333,-11.618429614975918
1003,3444777932,49827140896,0.0233333333333333,-3.054742152770973
1004,3444777932,51226945773,0.0233333333333333,-0.9129436027975423
1005,3444777932,2127539091,0.0933333333333333,-1.3378345987333868
1006,3444777932,2951882493,0.0233333333333333,-35.46005017039664
1007,3444777932,49394993451,0.0233333333333333,-1.1103031110675632
1008,3444777932,48133031995,0.0233333333333333,7.913143103642828
1009,3444777932,44251860868,0.0933333333333333,-0.029499916280347246
1010,3444777932,49862169,0.0233333333333333,-17.614633815906366
1011,3444777932,1353281982,0.0699999999999999,27.729489036419103
1012,3444777932,6884078945,0.0233333333333333,-7.190359400370102
1013,3444777932,5361697129,0.0233333333333333,-10.324109426305869
1014,3444777932,9250615257,0.0466666666666666,-4.354545488974517
1015,3444777932,49471571207,0.0233333333333333,-2.4518493678281192
1016,3444777932,49519476674,0.0233333333333333,6.600487921976627
1017,3444777932,48368376529,0.0233333333333333,4.1376373449575805
1018,3444777932,45389258678,0.0233333333333333,-5.716683690766136
1019,3444777932,33014956052,0.0233333333333333,10.680598666835737
1020,3444777932,7919403421,0.0233333333333333,52.93346706242712
1021,3444777932,50270876983,0.0233333333333333,-2.169017448181267
1022,3444777932,5609536700,0.0699999999999999,-2.853419835654092
1023,3444777932,4649640848,0.0233333333333333,22.487168620812643
1024,3444777932,45004802974,0.0233333333333333,14.75570440050862
1025,3444777932,13032296522,0.0233333333333333,9.918488840465127
1026,3444777932,48733081606,0.0933333333333333,16.043219654370905
1027,3444777932,278809718,0.0466666666666666,15.966376603231357
1028,3444777932,39373894946,0.0466666666666666,-0.3522382604510564
1029,3444777932,1502744639,0.0233333333333333,5.888544658729223
1030,3444777932,5875934096,0.0233333333333333,0.18350663344885385
1031,3444777932,1159507797,0.0233333333333333,3.8605858674676403
1032,3444777932,253186331,0.0233333333333333,18.364631477344517
1033,3444777932,39640380523,0.0233333333333333,-0.4097094203104117
1034,3444777932,173723396,0.0233333333333333,-2.658421908240067
1035,3444777932,1477734269,0.0233333333333333,-31.649279195771285
1036,3444777932,8265761608,0.0233333333333333,-2.2160215431480057
1037,3444777932,406220865,0.0233333333333333,-9.733244246268384
1038,3444777932,40910200248,0.0233333333333333,1.3666585334818384
1039,3444777932,1397131921,0.0233333333333333,-0.20695425164299389
1040,3444777932,47384226485,0.0233333333333333,-0.26401397445368957
1041,3444777932,240279477,0.0233333333333333,-4.085570831738424
1042,3444777932,330542491,0.0233333333333333,-0.5585653503832316
1043,3444777932,1323327274,0.0233333333333333,-1.8594620998015743
1044,3444777932,26315567772,0.0233333333333333,1.1976474223046545
1045,3444777932,49708853779,0.0233333333333333,-0.15055099506620218
1046,3444777932,49008540246,0.0233333333333333,-5.688977955456798
1047,3444777932,47811961909,0.0233333333333333,4.293393643307569
1048,3444777932,47447608326,0.0233333333333333,5.686305502516662
1049,3444777932,3549454002,0.0233333333333333,2.4208751953402117
1050,3444777932,538086873,0.0233333333333333,10.019332531356232
1051,47575057848,44534645805,0.0233333333333333,-0.3691401053042034
1052,47575057848,51887755727,0.0233333333333333,11.78852711097688
1053,47575057848,45190570289,0.0233333333333333,-6.506325236334433
1054,50988739342,51263747704,0.0233333333333333,11.54946511041797
1055,50988739342,7933886003,0.0466666666666666,-14.683364800539632
1056,50988739342,10932902068,0.0699999999999999,7.119341549394358
1057,50988739342,49033799274,0.0233333333333333,-4.307479064349141
1058,50988739342,3932950276,0.2799999999999999,37.95349621220538
1059,50988739342,38896492025,0.1633333333333333,-15.879496366833173
1060,50988739342,8481423684,0.0233333333333333,-5.730668603083956
1061,50988739342,42788070375,0.0699999999999999,-5.073847453326252
1062,50988739342,30150543357,0.0466666666666666,13.66567404986441
1063,50988739342,48116945783,0.0233333333333333,1.0587574430802877
1064,50988739342,11440616834,0.0233333333333333,3.1982883788541745
1065,50988739342,44220979872,0.1166666666666666,10.209788123035766
1066,50988739342,42896206514,0.0233333333333333,-1.6803975608053336
1067,50988739342,43488101383,0.0233333333333333,4.178949161838215
1068,50988739342,48581925103,0.0233333333333333,-5.168596613892031
1069,50988739342,37933092013,0.0466666666666666,-3.0966930424001426
1070,50988739342,1397209013,0.0233333333333333,-1.493460354741517
1071,50988739342,37484181001,0.0466666666666666,3.7569290196621563
1072,50988739342,7885647925,0.0233333333333333,9.486355934472957
1073,50988739342,8151680229,0.0233333333333333,1.01455549329708
1074,50988739342,49015769327,0.0699999999999999,29.516845526397738
1075,50988739342,25922593229,0.0466666666666666,14.950173784046404
1076,50988739342,45981925164,0.0233333333333333,3.211851720871876
1077,50988739342,45178232042,0.0933333333333333,7.398917673066616
1078,50988739342,10438957650,0.0233333333333333,17.181826495634535
1079,50988739342,33483425233,0.0233333333333333,1.1774840964616364
1080,50988739342,7209483996,0.0233333333333333,-19.782749376726517
1081,50988739342,46187004228,0.0233333333333333,-5.315853436255764
1082,50988739342,38580935824,0.0699999999999999,25.777361649640234
1083,50988739342,3676699119,0.0233333333333333,-3.6561252321984288
1084,50988739342,3956087443,0.0233333333333333,-3.1518293961509865
1085,50988739342,28086943247,0.0233333333333333,19.704465797535626
1086,50988739342,44091114838,0.1399999999999999,-12.807506210687876
1087,50988739342,49044136306,0.0233333333333333,-11.601245414424941
1088,50988739342,41302005323,0.0233333333333333,1.59247603571972
1089,50988739342,47672271812,0.0233333333333333,-12.272902582383754
1090,50988739342,49326795062,0.0933333333333333,7.406977652750163
1091,50988739342,51702389671,0.1633333333333333,-8.760207962041356
1092,50988739342,48256298581,0.0233333333333333,1.8800362367763728
1093,50988739342,13741807784,0.0233333333333333,20.34199307259771
1094,50988739342,33197067259,0.0233333333333333,-13.442724661918064
1095,50988739342,1561446769,0.0233333333333333,-19.707396667705904
1096,50988739342,7152052484,0.0233333333333333,0.9286478817534328
1097,50988739342,43872305949,0.1166666666666666,-5.01120902161808
1098,50988739342,52502255744,0.0233333333333333,-3.330822057927592
1099,50988739342,37717907870,0.1399999999999999,-21.14442872404541
1100,50988739342,4757087821,0.0233333333333333,-8.090111154533508
1101,50988739342,1782568685,0.0233333333333333,-18.6074748926144
1102,50988739342,47969884097,0.0233333333333333,5.10894829428941
1103,50988739342,50988739342,0.0233333333333333,19.061443143353014
1104,50988739342,20191717044,0.0699999999999999,-10.681279751904235
1105,50988739342,2924569557,0.0233333333333333,-2.4702305538174336
1106,50988739342,685243218,0.0233333333333333,8.407561760552326
1107,50988739342,51632199442,0.0233333333333333,0.5098121993552607
1108,50988739342,52139776529,0.0233333333333333,-8.28900587059311
1109,50988739342,6122118750,0.1166666666666666,1.241824450767024
1110,50988739342,4237281067,0.0233333333333333,-1.1792650082149443
1111,50988739342,46265474320,0.0233333333333333,-19.73380575330828
1112,50988739342,47247919370,0.0233333333333333,0.2061211993992549
1113,50988739342,51072894050,0.0233333333333333,2.495165863487799
1114,50988739342,49941176188,0.0233333333333333,-8.287667160361199
1115,50988739342,36025692011,0.0233333333333333,-7.3800442937682185
1116,50988739342,45148287200,0.0233333333333333,-0.1461905659261571
1117,50988739342,47422066113,0.0233333333333333,-47.88761613406133
1118,1607070353,5475995117,0.0233333333333333,0.852052788913716
1119,1607070353,2213986591,0.0699999999999999,5.156137557903178
1120,1607070353,3086002495,0.0233333333333333,-14.090159596035704
1121,1607070353,1428456487,0.0233333333333333,-2.7791765187224717
1122,1607070353,9689996254,0.0933333333333333,9.986177114715215
1123,1607070353,48413908674,0.0466666666666666,-10.580689149499976
1124,1607070353,29455041219,0.0233333333333333,18.2906324845808
1125,1607070353,1697938423,0.0466666666666666,7.465790403467364
1126,1607070353,1701517505,0.0933333333333333,-17.89481055251363
1127,1607070353,591066812,0.0233333333333333,-9.16330212660107
1128,1607070353,5504586365,0.0466666666666666,-3.3698504580010793
1129,1607070353,50198542920,0.0466666666666666,-4.610279406119067
1130,1607070353,4861072488,0.0699999999999999,-12.796675363914865
1131,1607070353,54167277035,0.0233333333333333,1.7627383804914933
1132,1607070353,44420026239,0.1166666666666666,-8.33540032888545
1133,1607070353,54538145934,0.0233333333333333,10.919893385275671
1134,1607070353,6193525179,0.0466666666666666,-5.203428080917368
1135,1607070353,27210829521,0.0699999999999999,13.17314203597214
1136,1607070353,7293058613,0.0699999999999999,-15.165422567633101
1137,1607070353,3731316197,0.0233333333333333,13.709277179716818
1138,1607070353,3301430828,0.0233333333333333,0.01837018592253008
1139,1607070353,47141642943,0.0233333333333333,9.927480311147225
1140,1607070353,48674157729,0.0233333333333333,0.5813424513833167
1141,1607070353,50785151847,0.0233333333333333,10.653840120699046
1142,1607070353,48821364447,0.0233333333333333,3.7826715906641026
1143,1607070353,45660505715,0.0233333333333333,-12.672981672205697
1144,1607070353,8338388735,0.0233333333333333,12.970213843092132
1145,1607070353,6241210326,0.1866666666666666,-9.726750712208577
1146,1607070353,4146337227,0.0933333333333333,12.646145118965933
1147,1607070353,44981351802,0.0233333333333333,-5.107547495697451
1148,1607070353,3320582378,0.0233333333333333,-16.847421483997934
1149,1607070353,48413907205,0.0699999999999999,-33.17171663079944
1150,1607070353,4040494256,0.0233333333333333,-27.249114229045343
1151,1607070353,3461130757,0.0466666666666666,-13.816195371066552
1152,1607070353,4009427777,0.0233333333333333,9.84098603288474
1153,1607070353,7902664214,0.0233333333333333,-5.0017279023597325
1154,1607070353,51811843720,0.0233333333333333,1.5300014617676523
1155,1607070353,5689585364,0.0233333333333333,-25.916721143866027
1156,1607070353,1430914233,0.0233333333333333,1.766056659237718
1157,1607070353,4168804003,0.0233333333333333,5.400408946017369
1158,1607070353,5406263578,0.0233333333333333,-5.33438657078543
1159,1607070353,48798302267,0.0233333333333333,-7.276633897333747
1160,1607070353,48455656587,0.0233333333333333,-25.52392620946643
1161,1607070353,1362134904,0.0233333333333333,36.785067884563425
1162,1607070353,42574815071,0.0233333333333333,-29.38614818026136
1163,1607070353,19739235262,0.0466666666666666,16.055509076559378
1164,1607070353,51778492992,0.0233333333333333,-2.0150562342653067
1165,1607070353,40928830978,0.0933333333333333,-33.26398073149803
1166,1607070353,50863197380,0.0233333333333333,8.120121594675048
1167,1607070353,6054189498,0.0233333333333333,-5.91333330271354
1168,1607070353,48380573484,0.0233333333333333,-0.10311548101391606
1169,1607070353,4866181590,0.0466666666666666,7.204591552526969
1170,1607070353,1645914043,0.0233333333333333,-27.62209275274561
1171,1607070353,1604029892,0.0466666666666666,-10.822575189457929
1172,1607070353,1696596812,0.0466666666666666,-3.3059808754284026
1173,1607070353,561326931,0.0933333333333333,-5.7034809133929345
1174,1607070353,4490430813,0.0233333333333333,-12.063671332199288
1175,1607070353,3443886512,0.0233333333333333,12.455863221523867
1176,1607070353,48423219819,0.0233333333333333,27.837013082714368
1177,1607070353,6710354765,0.0233333333333333,17.390487275379076
1178,1607070353,1579700312,0.0233333333333333,3.939815033107726
1179,1607070353,3179905207,0.0233333333333333,-31.039807319071805
1180,1607070353,1482170013,0.0233333333333333,3.2750397119617114
1181,1607070353,25943624727,0.0233333333333333,-6.266078965634512
1182,1607070353,49716742002,0.0233333333333333,18.38868766146893
1183,1607070353,48175629557,0.0233333333333333,-59.08959645991302
1184,1607070353,8130713972,0.0233333333333333,-1.7818597812760983
1185,1607070353,4525870216,0.0699999999999999,9.666431621914155
1186,1607070353,3221975313,0.0233333333333333,-6.0338076544279655
1187,1607070353,48936748029,0.0233333333333333,13.034661936032963
1188,1607070353,4286244274,0.0699999999999999,-16.4692028527673
1189,1607070353,1373888520,0.0699999999999999,12.078556182680268
1190,1607070353,3920475438,0.0233333333333333,19.098967560549283
1191,1607070353,45812722430,0.0233333333333333,-7.7988928329120135
1192,1607070353,6863626354,0.0466666666666666,0.04027944819533549
1193,1607070353,4367359821,0.0233333333333333,-1.3524563646103298
1194,1607070353,1336374199,0.0233333333333333,-21.15943288272667
1195,1607070353,8974758259,0.0233333333333333,-13.568906587239608
1196,1607070353,5433913470,0.0233333333333333,15.617937127470878
1197,1607070353,1447872093,0.0233333333333333,8.05144424100361
1198,1607070353,495501673,0.0233333333333333,11.816214800516107
1199,1607070353,7943104424,0.0233333333333333,6.09304192557662
1200,1607070353,3646285627,0.0233333333333333,20.6396919587615
1201,1607070353,5839559636,0.0466666666666666,1.6764749315945837
1202,1607070353,45082019026,0.0233333333333333,-6.606262136497947
1203,1607070353,1454456199,0.0233333333333333,-14.165650621488393
1204,1607070353,40508041669,0.0466666666666666,-3.136703931066233
1205,1607070353,30261632930,0.0233333333333333,-14.486839520904631
1206,1607070353,40657390600,0.0233333333333333,-13.768279915839138
1207,1607070353,7871235015,0.0233333333333333,15.16399098774488
1208,1607070353,2285172558,0.0699999999999999,0.14243323137877248
1209,1607070353,9764523336,0.0233333333333333,-7.017160234256847
1210,1607070353,3611030435,0.0466666666666666,-13.118582467807018
1211,1607070353,7124051750,0.0233333333333333,13.479515238642579
1212,1607070353,5002741930,0.0233333333333333,-2.4573036834787385
1213,1607070353,1055451826,0.0233333333333333,-24.80006125264187
1214,1607070353,1771206710,0.0233333333333333,8.505571972807514
1215,1607070353,7175324483,0.0233333333333333,-13.538843016798399
1216,1607070353,7231532161,0.0233333333333333,-2.343001546526594
1217,1607070353,7466235588,0.0466666666666666,0.19553395873279633
1218,1607070353,1182866147,0.0233333333333333,-11.502695195403271
1219,1607070353,1095942829,0.0233333333333333,-0.3630462927985272
1220,1607070353,1443752387,0.0233333333333333,-10.102059277657895
1221,1607070353,9001220492,0.0233333333333333,27.031388664157383
1222,1607070353,2224323197,0.0233333333333333,14.270828602001625
1223,1607070353,5613056596,0.0466666666666666,-4.130173981089836
1224,1607070353,5890456927,0.0233333333333333,-4.236500471924537
1225,1607070353,1798271496,0.0233333333333333,3.8236195473239207
1226,980579534,2051684863,0.0466666666666666,-20.430950411565043
1227,980579534,1391517306,0.1866666666666666,-0.043684500630042866
1228,980579534,6726106146,0.0466666666666666,3.8758400286759285
1229,980579534,44563643926,0.0233333333333333,5.824789332001072
1230,980579534,1365041983,0.2799999999999999,-5.602521615778109
1231,980579534,1429974982,0.0466666666666666,-9.605825493625613
1232,980579534,1637779756,0.0466666666666666,4.188034090027584
1233,980579534,851143318,0.0466666666666666,2.5526864282425614
1234,980579534,1541307640,0.0699999999999999,-14.072616666759512
1235,980579534,2951710685,0.0699999999999999,2.718569700754928
1236,980579534,261759088,0.0233333333333333,7.542004743230679
1237,980579534,7781995161,0.0233333333333333,5.176678510961936
1238,980579534,12355160923,0.0466666666666666,-25.92732884007742
1239,980579534,317580412,0.0233333333333333,-0.555890196127861
1240,980579534,31562806511,0.0233333333333333,10.110457448129482
1241,980579534,3684513407,0.0233333333333333,0.9560345572355304
1242,980579534,345538404,0.0233333333333333,11.78859918775796
1243,980579534,2276657882,0.0233333333333333,3.349375597422547
1244,980579534,1121333886,0.0233333333333333,14.040180463637032
1245,980579534,202030962,0.0233333333333333,-11.956672196405847
1246,980579534,4326313704,0.0233333333333333,-4.1206817329755605
1247,980579534,2074550127,0.0466666666666666,24.25109512040244
1248,980579534,3284006476,0.0699999999999999,15.01949489837679
1249,980579534,720105920,0.0233333333333333,9.272589173320476
1250,980579534,1702344296,0.0233333333333333,32.136443650960125
1251,980579534,3900200152,0.0233333333333333,-5.387881516253687
1252,980579534,6627752304,0.0233333333333333,12.779446978303097
1253,980579534,4033160614,0.0233333333333333,0.6707770620404572
1254,980579534,2233842680,0.0233333333333333,4.899976813781999
1255,980579534,462089567,0.0466666666666666,-43.13730833327702
1256,980579534,329029283,0.0233333333333333,-0.5913572226469201
1257,980579534,639701395,0.0466666666666666,-17.699193473078257
1258,980579534,257783256,0.0233333333333333,14.055314734966952
1259,47216688793,1648660362,0.0233333333333333,-3.7192151181327855
1260,47216688793,51216768496,0.0233333333333333,-1.6960235304822764
1261,47216688793,4224846863,0.0233333333333333,-0.9193342346076991
1262,47216688793,6011724628,0.0233333333333333,-76.32353098790784
1263,47216688793,52601148339,0.0466666666666666,-7.204942038707927
1264,47216688793,6485074888,0.0466666666666666,-3.3479811311772596
1265,47216688793,1588857032,0.0233333333333333,-4.592801313622207
1266,47216688793,1588854744,0.0233333333333333,6.439553141674592
1267,47216688793,514558737,0.0233333333333333,-11.254116530030872
1268,47216688793,6831578886,0.0233333333333333,-5.806107885363516
1269,47216688793,1525967659,0.0466666666666666,-5.9045869078614786
1270,47216688793,4077323266,0.0233333333333333,-16.27766445137897
1271,47216688793,2252895731,0.0233333333333333,-5.896401009599542
1272,47216688793,549043925,0.0233333333333333,12.46511462865428
1273,47216688793,3211180964,0.0233333333333333,28.758382771192327
1274,47216688793,44131591128,0.0233333333333333,4.786505648951383
1275,47216688793,8908639619,0.0233333333333333,-31.853983052906024
1276,53111870295,51397205535,0.0233333333333333,4.527333661575353
1277,53111870295,55112733248,0.0233333333333333,37.06251032103637
1278,53111870295,52116531422,0.0233333333333333,42.85570822392436
1279,53111870295,52157957653,0.0233333333333333,13.583761254222214
1280,520950405,4519352951,0.0233333333333333,4.8591012251396535
1281,4493853644,5497828187,0.0466666666666666,4.6224719495057975
1282,4493853644,271208431,0.0233333333333333,-1.0869593466659457
1283,4493853644,3975412173,0.0233333333333333,16.383623884276837
1284,4493853644,27030749543,0.0466666666666666,2.0353703813300856
1285,4493853644,4015637208,0.1166666666666666,-10.65675095322219
1286,4493853644,1453129863,0.0233333333333333,-6.896855008193612
1287,4493853644,1135706561,0.0699999999999999,-5.867252990695749
1288,4493853644,2163751007,0.0466666666666666,-1.233489237673639
1289,4493853644,4525367113,0.0466666666666666,-17.584052050147196
1290,4493853644,4061229414,0.0233333333333333,-7.934350919098187
1291,4493853644,1549672867,0.0233333333333333,-2.846809632657247
1292,4493853644,2074284065,0.0699999999999999,-6.841411264920905
1293,4493853644,2204781298,0.1399999999999999,15.555729242919515
1294,4493853644,2302701543,0.0933333333333333,1.919617659229519
1295,4493853644,1429800502,0.0233333333333333,-16.92215738326627
1296,4493853644,12277100520,0.0233333333333333,23.47433774132582
1297,4493853644,3222906792,0.0233333333333333,0.13358153923378444
1298,4493853644,630725932,0.0466666666666666,9.413383027905095
1299,4493853644,5589965222,0.0233333333333333,3.5327108316985116
1300,4493853644,8406211902,0.0233333333333333,10.142720398376238
1301,4493853644,1417421680,0.0233333333333333,5.783372223073503
1302,4493853644,13828895976,0.0233333333333333,20.10619834409271
1303,4493853644,1804236081,0.0233333333333333,-0.3397725308136298
1304,4493853644,8272185182,0.0233333333333333,2.3055065914322634
1305,4493853644,9671452905,0.0233333333333333,-1.171748754395507
1306,4493853644,4493853644,0.0466666666666666,-6.941502728759963
1307,4493853644,7372097110,0.0233333333333333,34.025724479023204
1308,4493853644,4921176876,0.0233333333333333,-2.582043402379833
