14689113504,5547710387,0.02333333333333333
14689113504,1111961908,0.06999999999999999
14689113504,48286684737,0.02333333333333333
14689113504,12277100520,0.02333333333333333
14689113504,8800394476,0.02333333333333333
14689113504,11543315808,0.04666666666666666
14689113504,38971577229,0.06999999999999999
14689113504,33685779818,0.02333333333333333
14689113504,48353240063,0.02333333333333333
14689113504,2014133882,0.02333333333333333
14689113504,45648489772,0.09333333333333332
14689113504,22208895681,0.02333333333333333
14689113504,8980334575,0.02333333333333333
6321704114,50330391517,0.04666666666666666
6321704114,4573911130,0.04666666666666666
6321704114,6394217478,0.06999999999999999
6321704114,5792616315,0.42
6321704114,8640016678,0.42
6321704114,1705958376,0.02333333333333333
6321704114,27757028357,0.04666666666666666
6321704114,1160292568,0.04666666666666666
6321704114,16988897356,0.11666666666666665
6321704114,9019116824,0.02333333333333333
6321704114,12277100520,0.02333333333333333
6321704114,1797684876,0.18666666666666665
6321704114,1701835231,0.11666666666666665
6321704114,6321704114,0.09333333333333332
6321704114,48556458784,0.21
6321704114,8031175733,0.2333333333333333
6321704114,182012378,0.04666666666666666
6321704114,2359889745,0.06999999999999999
6321704114,1698143674,0.02333333333333333
6321704114,8032245179,0.02333333333333333
6321704114,2226166424,0.02333333333333333
6321704114,4179788139,0.04666666666666666
6321704114,325583882,0.11666666666666665
6321704114,45936085537,0.04666666666666666
6321704114,48880830461,0.02333333333333333
6321704114,4256699619,0.06999999999999999
6321704114,33917939215,0.02333333333333333
6321704114,368608128,0.06999999999999999
6321704114,6585983196,0.02333333333333333
6321704114,3529700225,0.02333333333333333
6321704114,4060356086,0.02333333333333333
6321704114,1681975820,0.02333333333333333
44853283699,8545069647,0.02333333333333333
44853283699,1542921978,0.09333333333333332
44853283699,429614406,0.02333333333333333
44853283699,15653492681,0.02333333333333333
44853283699,52810242112,0.02333333333333333
44853283699,49157167650,0.02333333333333333
44853283699,52618661792,0.02333333333333333
44853283699,3560137051,0.06999999999999999
44853283699,2213986591,0.02333333333333333
44853283699,2727799999,0.09333333333333332
44853283699,51615539844,0.06999999999999999
44853283699,8091974458,0.02333333333333333
44853283699,45082019026,0.02333333333333333
44853283699,5519900227,0.04666666666666666
44853283699,6950563561,0.04666666666666666
44853283699,1639640394,0.04666666666666666
44853283699,1275611654,0.02333333333333333
44853283699,1764753258,0.02333333333333333
44853283699,5363793518,0.02333333333333333
44853283699,3306923108,0.11666666666666665
44853283699,8176640965,0.04666666666666666
44853283699,27223134888,0.04666666666666666
44853283699,2155030653,0.04666666666666666
44853283699,13075702444,0.02333333333333333
44853283699,5502229458,0.02333333333333333
44853283699,3251093771,0.02333333333333333
28172153766,10477439730,0.02333333333333333
28172153766,3263362272,0.16333333333333333
28172153766,5649180427,0.18666666666666665
28172153766,40531967916,0.09333333333333332
28172153766,2905885853,0.02333333333333333
28172153766,11574068743,0.02333333333333333
28172153766,36368970275,0.02333333333333333
51609740457,47883279639,0.02333333333333333
51609740457,601696676,0.02333333333333333
51609740457,7509690892,0.02333333333333333
51609740457,38742001685,0.02333333333333333
51609740457,54096153035,0.02333333333333333
51609740457,26047465420,0.02333333333333333
51609740457,5616758848,0.02333333333333333
51609740457,459966306,0.02333333333333333
51609740457,12142685994,0.02333333333333333
51609740457,2040208396,0.02333333333333333
53133530673,2922635197,0.13999999999999999
53133530673,18905794367,0.02333333333333333
53133530673,7043619802,0.04666666666666666
53133530673,5962783243,0.6066666666666667
53133530673,482857779,0.04666666666666666
53133530673,41823849772,0.18666666666666665
53133530673,6830922218,0.06999999999999999
53133530673,4177116289,0.02333333333333333
53133530673,53219061348,0.02333333333333333
53133530673,48502320554,0.11666666666666665
53133530673,2258536361,0.02333333333333333
53133530673,5264557378,0.09333333333333332
53133530673,27477715328,0.04666666666666666
53133530673,9193004091,0.02333333333333333
53133530673,45139901516,0.04666666666666666
53133530673,14773150968,0.04666666666666666
53133530673,3151877089,0.02333333333333333
53133530673,4537454698,0.06999999999999999
53133530673,30574684252,0.02333333333333333
53133530673,3747138322,0.02333333333333333
51317444532,643020335,0.04666666666666666
51317444532,33531144891,0.02333333333333333
51317444532,5439194953,0.02333333333333333
51317444532,23213608859,0.09333333333333332
51317444532,8985845943,0.02333333333333333
51317444532,51394025332,0.09333333333333332
24818496687,13949136759,0.04666666666666666
24818496687,1118072749,0.02333333333333333
24818496687,1741325504,0.02333333333333333
24818496687,293855218,0.02333333333333333
24818496687,2380236196,0.02333333333333333
24818496687,7188272888,0.02333333333333333
49033852181,6330148884,0.04666666666666666
49033852181,36067544552,0.16333333333333333
49033852181,4694894,0.04666666666666666
49033852181,11344734565,0.11666666666666665
49033852181,48501677730,0.02333333333333333
49033852181,51219037334,0.04666666666666666
49033852181,47118857614,0.16333333333333333
49033852181,37533977133,0.04666666666666666
49033852181,51782184567,0.02333333333333333
49033852181,52088413652,0.02333333333333333
49033852181,50716812371,0.02333333333333333
49033852181,461860143,0.02333333333333333
49033852181,2077846168,0.02333333333333333
49033852181,35686034444,0.02333333333333333
43871551702,25213071237,0.04666666666666666
43871551702,53841999775,0.02333333333333333
43871551702,53041726913,0.02333333333333333
43871551702,44551356798,0.02333333333333333
43871551702,13000136146,0.02333333333333333
43871551702,44126663773,0.02333333333333333
43871551702,40926778243,0.02333333333333333
43871551702,43871551702,0.02333333333333333
14452193480,5860351981,0.04666666666666666
14452193480,1169998961,0.02333333333333333
14452193480,2259109681,0.02333333333333333
14452193480,14475044860,0.02333333333333333
14452193480,5868031027,0.02333333333333333
14452193480,48437773510,0.02333333333333333
14452193480,2362852799,0.02333333333333333
14452193480,32585499243,0.02333333333333333
14452193480,33644347384,0.02333333333333333
14452193480,5953187168,0.02333333333333333
14452193480,409298999,0.02333333333333333
14452193480,295176148,0.02333333333333333
14452193480,48486451061,0.02333333333333333
14452193480,47728627093,0.02333333333333333
14452193480,3239318864,0.04666666666666666
14452193480,51804912044,0.06999999999999999
14452193480,39998775863,0.02333333333333333
14452193480,49069207126,0.02333333333333333
14452193480,45475087,0.02333333333333333
14452193480,43802293161,0.02333333333333333
14452193480,42612474050,0.02333333333333333
14452193480,47398535847,0.02333333333333333
14452193480,31736716222,0.02333333333333333
14452193480,45518252143,0.02333333333333333
14452193480,48604288021,0.02333333333333333
14452193480,5448233523,0.02333333333333333
14452193480,451802352,0.02333333333333333
14452193480,48750520427,0.02333333333333333
14452193480,4165279441,0.02333333333333333
14452193480,47064727808,0.02333333333333333
14452193480,48728520884,0.02333333333333333
14452193480,48009498241,0.02333333333333333
14452193480,47904715389,0.02333333333333333
14452193480,36960715413,0.02333333333333333
14452193480,48146121764,0.02333333333333333
14452193480,512833131,0.02333333333333333
14452193480,45615728426,0.02333333333333333
14452193480,46271654296,0.02333333333333333
33644347384,1390530269,0.16333333333333333
33644347384,2114681408,0.3733333333333333
33644347384,285536879,0.02333333333333333
33644347384,43936900536,0.11666666666666665
33644347384,6099561342,0.02333333333333333
33644347384,18150073656,0.11666666666666665
33644347384,40760426,0.02333333333333333
33644347384,28145030069,0.02333333333333333
33644347384,8082642055,0.02333333333333333
33644347384,47765015507,0.02333333333333333
33644347384,50031235249,0.02333333333333333
33644347384,48279636341,0.04666666666666666
33644347384,229888652,0.02333333333333333
33644347384,186199609,0.06999999999999999
33644347384,547526391,0.18666666666666665
33644347384,1359756435,0.25666666666666665
33644347384,6331992041,0.02333333333333333
33644347384,51481879559,0.02333333333333333
33644347384,2044680984,0.02333333333333333
33644347384,231737605,0.04666666666666666
33644347384,653005411,0.02333333333333333
33644347384,861043436,0.02333333333333333
33644347384,9237403343,0.02333333333333333
33644347384,11211887643,0.02333333333333333
33644347384,38111559612,0.02333333333333333
33644347384,49524734666,0.02333333333333333
33644347384,5892793052,0.02333333333333333
33644347384,39684595655,0.06999999999999999
33644347384,1451596366,0.04666666666666666
33644347384,1229412047,0.02333333333333333
33644347384,1664958484,0.06999999999999999
33644347384,32522951,0.02333333333333333
33644347384,1645373205,0.04666666666666666
33644347384,524960134,0.04666666666666666
33644347384,47376558400,0.02333333333333333
33644347384,1353281982,0.02333333333333333
33644347384,570801153,0.02333333333333333
33644347384,404180517,0.04666666666666666
33644347384,1540564859,0.02333333333333333
33644347384,9928367266,0.04666666666666666
33644347384,1651344425,0.02333333333333333
33644347384,6859913100,0.04666666666666666
33644347384,5389050026,0.04666666666666666
33644347384,358109974,0.02333333333333333
33644347384,6625931781,0.02333333333333333
33644347384,36858624141,0.02333333333333333
33644347384,1286934499,0.02333333333333333
33644347384,36378981761,0.02333333333333333
33644347384,7925435257,0.02333333333333333
33644347384,1432924377,0.02333333333333333
33644347384,271756988,0.02333333333333333
33644347384,335689549,0.02333333333333333
33644347384,43997480883,0.04666666666666666
33644347384,188919758,0.02333333333333333
33644347384,13862124720,0.02333333333333333
33644347384,1381350461,0.02333333333333333
34150411980,52823577888,0.02333333333333333
34150411980,1791494054,0.02333333333333333
34150411980,49046755766,0.02333333333333333
34150411980,34150411980,0.02333333333333333
34150411980,33882176332,0.02333333333333333
34150411980,1950138900,0.02333333333333333
34150411980,51045292998,0.02333333333333333
34150411980,48857170212,0.02333333333333333
42250753245,40569241898,0.02333333333333333
42250753245,45216726968,0.02333333333333333
42250753245,23076735564,0.02333333333333333
42250753245,32982468900,0.09333333333333332
42250753245,47467038,0.02333333333333333
42250753245,33055557319,0.11666666666666665
42250753245,45362266428,0.02333333333333333
42250753245,46038689303,0.02333333333333333
42250753245,54304030733,0.02333333333333333
42250753245,28845618281,0.02333333333333333
42250753245,54415747890,0.02333333333333333
42250753245,43846192532,0.02333333333333333
42250753245,20531814480,0.02333333333333333
42250753245,47943782254,0.02333333333333333
42250753245,15061978230,0.09333333333333332
42250753245,49328017781,0.02333333333333333
42250753245,52942546037,0.02333333333333333
42250753245,48819545739,0.02333333333333333
42250753245,22001346651,0.02333333333333333
42250753245,5859936972,0.02333333333333333
42250753245,40183804826,0.04666666666666666
42250753245,49106730989,0.02333333333333333
42250753245,5736911685,0.02333333333333333
42250753245,28687540788,0.02333333333333333
42250753245,41412998531,0.02333333333333333
42250753245,39857412377,0.02333333333333333
42250753245,42501203306,0.02333333333333333
42250753245,4232436891,0.02333333333333333
42250753245,45054791837,0.02333333333333333
42250753245,2119852076,0.02333333333333333
186199609,6648494824,0.02333333333333333
186199609,6178528144,0.04666666666666666
186199609,4810881273,0.02333333333333333
186199609,1353281982,0.02333333333333333
186199609,272877937,0.06999999999999999
186199609,21375983173,0.02333333333333333
186199609,5666576848,0.02333333333333333
186199609,4242520863,0.02333333333333333
186199609,5684834333,0.02333333333333333
186199609,6599056364,0.04666666666666666
13700029371,45322251967,0.25666666666666665
13700029371,43165948919,0.06999999999999999
13700029371,35547170407,0.11666666666666665
13700029371,5730579948,0.06999999999999999
13700029371,8353087485,0.02333333333333333
13700029371,7942533323,0.02333333333333333
13700029371,6921304527,0.2333333333333333
13700029371,18289338146,0.13999999999999999
13700029371,8493770489,0.04666666666666666
13700029371,8219657707,0.06999999999999999
13700029371,37469180096,0.04666666666666666
13700029371,47230014663,0.02333333333333333
13700029371,39612498930,0.18666666666666665
13700029371,6177761317,0.06999999999999999
13700029371,32452316397,0.02333333333333333
13700029371,54962876156,0.04666666666666666
13700029371,7984529522,0.02333333333333333
13700029371,49485092383,0.04666666666666666
13700029371,52385492783,0.04666666666666666
13700029371,51011558739,0.02333333333333333
13700029371,50252431464,0.02333333333333333
13700029371,5951435528,0.02333333333333333
13700029371,47974956754,0.09333333333333332
13700029371,31931226573,0.02333333333333333
13700029371,5365683510,0.06999999999999999
13700029371,19299284627,0.06999999999999999
13700029371,47687586047,0.02333333333333333
13700029371,5825059631,0.04666666666666666
13700029371,10617324379,0.02333333333333333
13700029371,5693862962,0.02333333333333333
13700029371,52007924804,0.02333333333333333
13700029371,52942936266,0.02333333333333333
13700029371,50315607183,0.02333333333333333
13700029371,7324098860,0.02333333333333333
13700029371,13700029371,0.02333333333333333
13700029371,4100807474,0.02333333333333333
13700029371,37383161853,0.02333333333333333
13700029371,4167532807,0.02333333333333333
13700029371,23789757719,0.02333333333333333
3494576591,44714493947,0.02333333333333333
3494576591,1175221258,0.27999999999999997
3494576591,1080251725,0.09333333333333332
3494576591,52374733486,0.02333333333333333
3494576591,14923825976,0.02333333333333333
3494576591,1810862208,0.09333333333333332
3494576591,3071917852,0.02333333333333333
3494576591,3494576591,0.09333333333333332
3494576591,5943830223,0.02333333333333333
3494576591,2125334969,0.13999999999999999
3494576591,1740362243,0.04666666666666666
3494576591,2958603876,0.09333333333333332
3494576591,15371922117,0.04666666666666666
3494576591,1662718356,0.04666666666666666
3494576591,1989803118,0.02333333333333333
3494576591,5856743406,0.02333333333333333
3494576591,6035533131,0.02333333333333333
3494576591,4303701428,0.02333333333333333
3494576591,38498639958,0.02333333333333333
3494576591,4200822722,0.06999999999999999
3494576591,43718854737,0.02333333333333333
3494576591,1596392526,0.18666666666666665
3494576591,1953637064,0.06999999999999999
3494576591,10154873232,0.02333333333333333
3494576591,7168802492,0.02333333333333333
3494576591,2252339012,0.09333333333333332
3494576591,48404198678,0.02333333333333333
3494576591,4093226637,0.09333333333333332
3494576591,3845576398,0.02333333333333333
3494576591,5983426320,0.02333333333333333
3494576591,2118506689,0.02333333333333333
3494576591,315474191,0.04666666666666666
3494576591,6321280312,0.02333333333333333
3494576591,3594619041,0.02333333333333333
3494576591,7781053772,0.02333333333333333
3494576591,8042272530,0.02333333333333333
3494576591,7379564196,0.04666666666666666
3494576591,4699806446,0.02333333333333333
3494576591,1493536757,0.02333333333333333
3494576591,3691987209,0.02333333333333333
13948662048,4536741913,0.02333333333333333
13948662048,6648494824,0.7
13948662048,48144659250,0.09333333333333332
13948662048,52823577888,0.02333333333333333
13948662048,55097332624,0.02333333333333333
13948662048,48144350705,0.02333333333333333
13948662048,4344413548,0.02333333333333333
13948662048,31243403804,0.6533333333333333
13948662048,53168629112,0.02333333333333333
13948662048,50426406847,0.02333333333333333
13948662048,16941480287,0.04666666666666666
13948662048,3033785993,0.02333333333333333
13948662048,49789503154,0.09333333333333332
13948662048,1631151505,0.02333333333333333
13948662048,30051665064,0.04666666666666666
13948662048,4142276064,0.02333333333333333
13948662048,52730997535,0.02333333333333333
13948662048,276310991,0.02333333333333333
13948662048,51699454194,0.02333333333333333
13948662048,52155943026,0.02333333333333333
13948662048,307492593,0.02333333333333333
13948662048,481420868,0.02333333333333333
13948662048,297079917,0.02333333333333333
13948662048,7889165084,0.06999999999999999
13948662048,4020677674,0.02333333333333333
13948662048,261002180,0.02333333333333333
13948662048,49097331259,0.06999999999999999
13948662048,9292267820,0.04666666666666666
13948662048,50374745322,0.02333333333333333
13948662048,51500782797,0.02333333333333333
13948662048,2068431022,0.02333333333333333
13948662048,38526743220,0.02333333333333333
13948662048,2040305504,0.02333333333333333
13948662048,653804480,0.02333333333333333
13948662048,51892481412,0.02333333333333333
13948662048,11321391163,0.02333333333333333
13948662048,1159524479,0.02333333333333333
13948662048,12277100520,0.02333333333333333
13948662048,34824166,0.02333333333333333
13948662048,49164141658,0.02333333333333333
13948662048,51127169178,0.04666666666666666
13948662048,1666856240,0.02333333333333333
13948662048,32163825344,0.02333333333333333
13948662048,1165954166,0.02333333333333333
13948662048,8713153590,0.04666666666666666
13948662048,48389993092,0.02333333333333333
13948662048,52167457584,0.02333333333333333
13948662048,50064470728,0.02333333333333333
13948662048,231687145,0.02333333333333333
13948662048,6126105242,0.02333333333333333
13948662048,7074900969,0.04666666666666666
13948662048,593705392,0.02333333333333333
13948662048,7099804185,0.02333333333333333
13948662048,6847296900,0.02333333333333333
13948662048,49162899993,0.02333333333333333
13948662048,51234068354,0.02333333333333333
13948662048,51439340567,0.02333333333333333
13948662048,48369537846,0.02333333333333333
13948662048,40235836353,0.02333333333333333
13948662048,7320578381,0.02333333333333333
13948662048,1191424623,0.02333333333333333
13948662048,4601105,0.02333333333333333
13948662048,52656147342,0.02333333333333333
13948662048,10111808191,0.02333333333333333
13948662048,190114919,0.02333333333333333
13948662048,48009150197,0.02333333333333333
13948662048,49118987231,0.02333333333333333
13948662048,46381868648,0.02333333333333333
13948662048,53334140800,0.02333333333333333
13948662048,52962565957,0.02333333333333333
13948662048,46602259443,0.02333333333333333
13948662048,23127714196,0.02333333333333333
13948662048,1771142890,0.02333333333333333
13948662048,306094542,0.02333333333333333
13948662048,46197822971,0.02333333333333333
13948662048,49827109283,0.02333333333333333
13948662048,47834572448,0.02333333333333333
13948662048,50365062990,0.02333333333333333
13948662048,50133663985,0.02333333333333333
13948662048,51168629061,0.02333333333333333
13948662048,33317784,0.02333333333333333
47141678566,11824126962,0.02333333333333333
47141678566,49356018084,0.02333333333333333
47141678566,32478303376,0.09333333333333332
47141678566,21428627355,0.02333333333333333
47141678566,36978624522,0.09333333333333332
47141678566,31950190807,0.02333333333333333
47141678566,6363355555,0.02333333333333333
47141678566,39222543540,0.02333333333333333
47141678566,5995210629,0.06999999999999999
47141678566,1578981655,0.02333333333333333
47141678566,3461986384,0.04666666666666666
47141678566,12135684276,0.04666666666666666
47141678566,5514680680,0.02333333333333333
47141678566,4424245349,0.02333333333333333
47141678566,32189562269,0.02333333333333333
47141678566,39656721196,0.02333333333333333
47141678566,18734726145,0.02333333333333333
47141678566,6404195360,0.02333333333333333
47141678566,1647320062,0.02333333333333333
47141678566,47238212186,0.04666666666666666
47141678566,8288975984,0.06999999999999999
47141678566,8685075591,0.02333333333333333
47141678566,52463862880,0.02333333333333333
47141678566,17301081042,0.06999999999999999
47141678566,7235717783,0.04666666666666666
47141678566,4217299646,0.04666666666666666
47141678566,44591820085,0.02333333333333333
47141678566,47246675500,0.02333333333333333
47141678566,1835201779,0.02333333333333333
47141678566,10751029261,0.02333333333333333
47141678566,5403293738,0.04666666666666666
47141678566,38502004746,0.04666666666666666
47141678566,3322197569,0.02333333333333333
47141678566,44578223802,0.02333333333333333
47141678566,47081907532,0.04666666666666666
47141678566,16178981989,0.02333333333333333
47141678566,40083000770,0.02333333333333333
47141678566,10663499701,0.02333333333333333
47141678566,18266061208,0.02333333333333333
47141678566,31695878450,0.06999999999999999
47141678566,5582607019,0.02333333333333333
47141678566,30012892445,0.02333333333333333
47141678566,4311887389,0.02333333333333333
47141678566,29854099481,0.02333333333333333
47141678566,14654913259,0.02333333333333333
1803162637,388029855,0.04666666666666666
1803162637,1554050917,0.02333333333333333
1803162637,5442215462,0.02333333333333333
1803162637,3223222302,0.02333333333333333
1803162637,8567264700,0.09333333333333332
1803162637,4852797327,0.02333333333333333
1803162637,45790004261,0.04666666666666666
1803162637,5693749143,0.04666666666666666
1803162637,30823290751,0.02333333333333333
1803162637,10021989927,0.04666666666666666
1803162637,6113948154,0.02333333333333333
1803162637,4030948544,0.02333333333333333
1803162637,50717535142,0.02333333333333333
1803162637,7098779226,0.02333333333333333
1803162637,8997740850,0.02333333333333333
1803162637,6570240196,0.02333333333333333
1803162637,2270763108,0.02333333333333333
1803162637,15630366377,0.02333333333333333
1803162637,5899169954,0.02333333333333333
1803162637,8179472281,0.02333333333333333
1803162637,634738447,0.02333333333333333
1803162637,52115688494,0.02333333333333333
1803162637,295596223,0.02333333333333333
1803162637,8219399678,0.02333333333333333
27849870249,4310520843,0.02333333333333333
27849870249,1664958484,0.11666666666666665
27849870249,521150256,0.02333333333333333
27849870249,1479990037,0.02333333333333333
27849870249,1402153358,0.30333333333333334
27849870249,14436121,0.02333333333333333
27849870249,1680878441,0.06999999999999999
27849870249,48979613873,0.02333333333333333
27849870249,54179772699,0.02333333333333333
27849870249,17629931594,0.02333333333333333
27849870249,7746557389,0.02333333333333333
27849870249,1539836450,0.02333333333333333
27849870249,28269516582,0.02333333333333333
27849870249,1229412047,0.02333333333333333
27849870249,52114927506,0.02333333333333333
27849870249,51894375352,0.02333333333333333
27849870249,52383466370,0.02333333333333333
27849870249,286321886,0.02333333333333333
27849870249,39684595655,0.02333333333333333
27849870249,1414853114,0.04666666666666666
27849870249,3616742681,0.02333333333333333
27849870249,2320608182,0.06999999999999999
27849870249,6178528144,0.06999999999999999
27849870249,7030440736,0.02333333333333333
27849870249,46379422147,0.02333333333333333
27849870249,1833622741,0.02333333333333333
27849870249,4520740721,0.02333333333333333
27849870249,16637761250,0.02333333333333333
27849870249,7869191324,0.02333333333333333
27849870249,4053907358,0.02333333333333333
27849870249,5422340579,0.02333333333333333
27849870249,599760174,0.02333333333333333
41823849772,18905794367,0.09333333333333332
41823849772,4951298919,0.09333333333333332
41823849772,2886676112,0.02333333333333333
41823849772,8950372176,0.06999999999999999
41823849772,53133530673,0.02333333333333333
41823849772,12311815575,0.02333333333333333
41823849772,33484397622,0.02333333333333333
41823849772,47469133672,0.04666666666666666
41823849772,18330278244,0.06999999999999999
41823849772,18825466629,0.06999999999999999
41823849772,32272875780,0.06999999999999999
41823849772,8468305354,0.02333333333333333
41823849772,6621632201,0.04666666666666666
41823849772,3533504457,0.02333333333333333
41823849772,47972895652,0.02333333333333333
41823849772,4752621369,0.02333333333333333
41823849772,4049329774,0.04666666666666666
41823849772,4956597638,0.04666666666666666
41823849772,5962783243,0.04666666666666666
41823849772,7479164336,0.02333333333333333
41823849772,4255795839,0.02333333333333333
41823849772,4674097032,0.02333333333333333
41823849772,2536226805,0.02333333333333333
41823849772,1520169338,0.02333333333333333
41823849772,48116752371,0.02333333333333333
41823849772,32905374554,0.02333333333333333
41823849772,4553534577,0.02333333333333333
41823849772,44777020355,0.02333333333333333
51233789950,23290787333,0.04666666666666666
51233789950,53601763484,0.02333333333333333
51233789950,51605106369,0.25666666666666665
51233789950,46697816403,0.16333333333333333
51233789950,50319913278,0.02333333333333333
51233789950,40611125551,0.02333333333333333
51233789950,6050509147,0.06999999999999999
51233789950,50594471139,0.02333333333333333
51233789950,4915251430,0.02333333333333333
51233789950,54283020544,0.02333333333333333
51233789950,47663175496,0.02333333333333333
51233789950,8763049734,0.02333333333333333
51233789950,13087943837,0.02333333333333333
51233789950,45216711003,0.02333333333333333
51233789950,53667672742,0.02333333333333333
51233789950,49690598000,0.02333333333333333
51233789950,39267606971,0.02333333333333333
51233789950,53597325003,0.02333333333333333
51233789950,50297390593,0.04666666666666666
51233789950,5586253560,0.02333333333333333
51233789950,51667710971,0.09333333333333332
51233789950,48802842565,0.02333333333333333
51233789950,1968475560,0.02333333333333333
51233789950,51125376042,0.11666666666666665
51233789950,1574498737,0.02333333333333333
51233789950,39709222240,0.02333333333333333
51233789950,54106746511,0.02333333333333333
51233789950,47606272354,0.02333333333333333
51233789950,27276533242,0.02333333333333333
51233789950,48376252828,0.02333333333333333
51233789950,51067645269,0.02333333333333333
51233789950,47618753249,0.04666666666666666
51233789950,1935489450,0.02333333333333333
51233789950,36626247890,0.02333333333333333
51233789950,49486147726,0.02333333333333333
51233789950,53227720877,0.02333333333333333
51233789950,6177123967,0.13999999999999999
51233789950,48862719394,0.09333333333333332
51233789950,51161793071,0.21
51233789950,49042189404,0.02333333333333333
51233789950,52598591909,0.02333333333333333
51233789950,51463517404,0.02333333333333333
51233789950,51994395644,0.02333333333333333
51233789950,45414808581,0.02333333333333333
7892141608,2534646146,0.02333333333333333
7892141608,5771887082,0.02333333333333333
7892141608,835990953,0.04666666666666666
7892141608,3067131679,0.02333333333333333
7892141608,50716431,0.04666666666666666
7892141608,54522372793,0.04666666666666666
7892141608,5833192798,0.04666666666666666
7892141608,45427854537,0.02333333333333333
7892141608,54736163886,0.02333333333333333
7892141608,8546917003,0.02333333333333333
7892141608,7075725210,0.02333333333333333
7892141608,53353670088,0.02333333333333333
7892141608,43037809539,0.02333333333333333
7892141608,8261647925,0.04666666666666666
7892141608,3922917588,0.02333333333333333
7892141608,3990692715,0.06999999999999999
7892141608,3610882072,0.04666666666666666
7892141608,49300666228,0.02333333333333333
7892141608,598172265,0.02333333333333333
7892141608,190864237,0.02333333333333333
7892141608,8204530169,0.06999999999999999
7892141608,223129326,0.02333333333333333
7892141608,6831809554,0.02333333333333333
7892141608,8437938898,0.06999999999999999
7892141608,7913495839,0.02333333333333333
7892141608,1588314133,0.02333333333333333
7892141608,2962422115,0.02333333333333333
7892141608,2542419792,0.02333333333333333
7892141608,33291403718,0.02333333333333333
7892141608,5327796585,0.02333333333333333
7892141608,817231842,0.02333333333333333
7892141608,178784195,0.02333333333333333
3662069629,2285875197,0.02333333333333333
3662069629,41874668308,0.02333333333333333
3662069629,51276516149,0.02333333333333333
3662069629,14471878893,0.02333333333333333
3662069629,4753417871,0.09333333333333332
3662069629,5543655658,0.02333333333333333
3662069629,38318361661,0.06999999999999999
3662069629,2229944531,0.02333333333333333
3662069629,31845577289,0.02333333333333333
3662069629,1988129882,0.04666666666666666
3662069629,1346946109,0.06999999999999999
3662069629,27143347898,0.06999999999999999
3662069629,4483135947,0.04666666666666666
3662069629,8077468703,0.02333333333333333
3662069629,7090601271,0.09333333333333332
3662069629,5404719300,0.02333333333333333
3662069629,1035319750,0.02333333333333333
3662069629,2163924344,0.02333333333333333
3662069629,4833415783,0.02333333333333333
3662069629,10173270499,0.02333333333333333
3662069629,9401607917,0.02333333333333333
3662069629,5489732371,0.02333333333333333
3662069629,5532124631,0.04666666666666666
3662069629,3662069629,0.02333333333333333
3662069629,4932497447,0.02333333333333333
6254041525,9963603571,0.09333333333333332
6254041525,4759728464,0.16333333333333333
6254041525,2231979675,0.02333333333333333
6254041525,54540222288,0.02333333333333333
6254041525,54388970561,0.02333333333333333
6254041525,5996147669,0.04666666666666666
6254041525,12025429508,0.18666666666666665
6254041525,3569766902,0.06999999999999999
6254041525,4283657929,0.13999999999999999
6254041525,1511220541,0.04666666666666666
6254041525,4012087743,0.02333333333333333
6254041525,51043552124,0.02333333333333333
6254041525,49139235096,0.02333333333333333
6254041525,8144478826,0.02333333333333333
6254041525,51504273808,0.02333333333333333
6254041525,53848748035,0.02333333333333333
6254041525,51495158647,0.02333333333333333
6254041525,51712323131,0.02333333333333333
6254041525,48533373178,0.02333333333333333
6254041525,9891511200,0.02333333333333333
6254041525,53499281160,0.02333333333333333
6254041525,9215216892,0.09333333333333332
6254041525,48265246940,0.02333333333333333
6254041525,51915641045,0.02333333333333333
6254041525,47449600694,0.02333333333333333
6254041525,53555964000,0.02333333333333333
6254041525,49092380670,0.02333333333333333
6254041525,48690896633,0.02333333333333333
6254041525,52990180288,0.02333333333333333
6254041525,53585536557,0.02333333333333333
6254041525,47237907943,0.02333333333333333
6254041525,2239015114,0.02333333333333333
6254041525,4738380491,0.04666666666666666
6254041525,7479431194,0.13999999999999999
6254041525,53349869796,0.02333333333333333
6254041525,50419944197,0.04666666666666666
6254041525,52820547350,0.02333333333333333
6254041525,52748780803,0.02333333333333333
6254041525,51042108496,0.02333333333333333
6254041525,51331277090,0.02333333333333333
6254041525,52163547449,0.02333333333333333
6254041525,50918624100,0.04666666666666666
6254041525,51773234830,0.02333333333333333
6254041525,52143558487,0.02333333333333333
6254041525,51769596818,0.02333333333333333
6254041525,286755239,0.06999999999999999
6254041525,3236547475,0.02333333333333333
6254041525,50808734212,0.02333333333333333
6254041525,5549593742,0.02333333333333333
6254041525,4203375412,0.02333333333333333
6254041525,42732004062,0.02333333333333333
6254041525,51652355514,0.02333333333333333
6254041525,51246643389,0.02333333333333333
6254041525,52372966688,0.02333333333333333
6254041525,48482470053,0.02333333333333333
6254041525,5319732403,0.02333333333333333
6254041525,19126114426,0.13999999999999999
6254041525,3971943567,0.02333333333333333
6254041525,47345671890,0.04666666666666666
6254041525,49574197837,0.02333333333333333
6254041525,50077554547,0.02333333333333333
6254041525,1909915007,0.09333333333333332
6254041525,6836396415,0.02333333333333333
6254041525,48214950847,0.02333333333333333
6254041525,1412693145,0.02333333333333333
6254041525,5564892211,0.13999999999999999
6254041525,4710057687,0.02333333333333333
6254041525,50472105314,0.02333333333333333
6254041525,51774770771,0.02333333333333333
6254041525,48135872447,0.02333333333333333
6254041525,50925078928,0.02333333333333333
6254041525,47883617588,0.02333333333333333
6254041525,49287614784,0.02333333333333333
6254041525,50454968126,0.02333333333333333
6254041525,4870065713,0.09333333333333332
6254041525,6847070497,0.04666666666666666
6254041525,50742915683,0.02333333333333333
6254041525,5456275443,0.09333333333333332
6254041525,2939104847,0.02333333333333333
6254041525,51425860030,0.02333333333333333
6254041525,48092758757,0.04666666666666666
6254041525,50861765395,0.02333333333333333
6254041525,51603462561,0.02333333333333333
6254041525,7956892801,0.02333333333333333
6254041525,44532397430,0.02333333333333333
6254041525,51291282213,0.02333333333333333
6254041525,48679760636,0.02333333333333333
6254041525,6861831173,0.02333333333333333
6254041525,1045797816,0.02333333333333333
6254041525,50980373933,0.02333333333333333
6254041525,45314699550,0.02333333333333333
6254041525,51295649431,0.02333333333333333
6254041525,48831012352,0.02333333333333333
6254041525,39885296734,0.02333333333333333
6254041525,7897261727,0.02333333333333333
6254041525,48023275451,0.02333333333333333
6254041525,46393748646,0.02333333333333333
6254041525,47085602226,0.02333333333333333
6254041525,25972679995,0.02333333333333333
6254041525,6238909612,0.09333333333333332
6254041525,12181787747,0.09333333333333332
6254041525,50128462843,0.02333333333333333
6254041525,2080205216,0.02333333333333333
6254041525,8077923190,0.02333333333333333
6254041525,5035301008,0.02333333333333333
6254041525,7938755303,0.02333333333333333
6254041525,7330781055,0.02333333333333333
6254041525,49161067799,0.02333333333333333
6254041525,40771631828,0.02333333333333333
6254041525,1542562672,0.04666666666666666
6254041525,29455041219,0.02333333333333333
6254041525,48289181831,0.02333333333333333
6254041525,8397545443,0.02333333333333333
2224268106,3239091377,0.04666666666666666
2224268106,1794309001,0.04666666666666666
2224268106,3248023141,0.02333333333333333
2224268106,43778736225,0.04666666666666666
2224268106,50286380667,0.04666666666666666
2224268106,4130659111,0.06999999999999999
2224268106,2249697133,0.04666666666666666
2224268106,3666713701,0.06999999999999999
2224268106,6755475702,0.04666666666666666
2224268106,289469483,0.13999999999999999
2224268106,3225675070,0.09333333333333332
2224268106,7721382467,0.02333333333333333
2224268106,4306449025,0.02333333333333333
2224268106,6031264950,0.04666666666666666
2224268106,3069471156,0.04666666666666666
2224268106,1139264885,0.5133333333333333
2224268106,48340055106,0.30333333333333334
2224268106,454948626,0.02333333333333333
2224268106,4936520021,0.5599999999999999
2224268106,22192986094,0.04666666666666666
2224268106,653824285,0.06999999999999999
2224268106,184508390,0.04666666666666666
2224268106,629063621,0.16333333333333333
2224268106,2224268106,0.25666666666666665
2224268106,964913136,0.09333333333333332
2224268106,2053760093,0.02333333333333333
2224268106,1535878765,0.21
2224268106,7390859668,0.06999999999999999
2224268106,47348598173,0.02333333333333333
2224268106,5785941295,0.04666666666666666
2224268106,4007803529,0.02333333333333333
2224268106,6140863484,0.02333333333333333
2224268106,52084286852,0.02333333333333333
2224268106,3737437477,0.5133333333333333
2224268106,313972614,0.02333333333333333
2224268106,52020918134,0.02333333333333333
2224268106,47765015507,0.02333333333333333
2224268106,5558653323,0.11666666666666665
2224268106,45505586153,0.02333333333333333
2224268106,44785466012,0.02333333333333333
2224268106,48816737192,0.04666666666666666
2224268106,994504395,0.06999999999999999
2224268106,299022427,0.02333333333333333
2224268106,1502120194,0.02333333333333333
2224268106,2274582220,0.02333333333333333
2224268106,304107695,0.04666666666666666
2224268106,42613703518,0.02333333333333333
2224268106,2024930126,0.02333333333333333
2224268106,3447584817,0.02333333333333333
2224268106,2107829033,0.02333333333333333
2224268106,12914215877,0.02333333333333333
2224268106,2004624396,0.02333333333333333
2224268106,36135180954,0.02333333333333333
2224268106,43602356937,0.04666666666666666
2224268106,12481779520,0.04666666666666666
2224268106,5836173647,0.09333333333333332
2224268106,2026447948,0.04666666666666666
2224268106,26218928085,0.02333333333333333
2224268106,18571978886,0.02333333333333333
2224268106,10241693428,0.02333333333333333
2224268106,533224569,0.04666666666666666
2224268106,3698396472,0.02333333333333333
2224268106,3945552465,0.02333333333333333
2224268106,2075014663,0.02333333333333333
2224268106,1682418860,0.02333333333333333
2224268106,26039150064,0.02333333333333333
2224268106,7075173902,0.04666666666666666
2224268106,3417127003,0.04666666666666666
2224268106,6625212757,0.02333333333333333
2224268106,3561458444,0.02333333333333333
5683725413,1221816813,0.02333333333333333
5683725413,5486356421,0.13999999999999999
5683725413,9007741622,0.13999999999999999
5683725413,5363793518,0.13999999999999999
5683725413,298127497,0.04666666666666666
5683725413,3732204433,0.02333333333333333
5683725413,9235577639,0.02333333333333333
5683725413,1492327760,0.06999999999999999
5683725413,32173777926,0.04666666666666666
5683725413,40995068212,0.02333333333333333
5683725413,52969078666,0.02333333333333333
5683725413,2242250812,0.04666666666666666
5683725413,1495172126,0.02333333333333333
5683725413,686667337,0.04666666666666666
5683725413,1557050973,0.02333333333333333
5683725413,6719864344,0.04666666666666666
5683725413,51000107247,0.02333333333333333
5683725413,48523435069,0.02333333333333333
5683725413,2022605349,0.04666666666666666
5683725413,3807011537,0.02333333333333333
5683725413,5683725413,0.02333333333333333
5683725413,4035547341,0.02333333333333333
5683725413,17639134331,0.04666666666666666
5683725413,6864998470,0.02333333333333333
49300974134,51125433166,0.02333333333333333
49300974134,8009893694,0.02333333333333333
49300974134,6921731871,0.02333333333333333
49300974134,1265181453,0.02333333333333333
49300974134,9181999970,0.02333333333333333
49300974134,48752037134,0.02333333333333333
49300974134,48154005147,0.02333333333333333
49300974134,47827178728,0.02333333333333333
49300974134,52120165354,0.02333333333333333
49300974134,6646497245,0.02333333333333333
49300974134,46701951509,0.02333333333333333
49300974134,6852391761,0.02333333333333333
49300974134,1353281982,0.02333333333333333
49300974134,46192458129,0.02333333333333333
49300974134,50595215185,0.02333333333333333
8565512647,1415646499,0.16333333333333333
8565512647,47413952439,0.02333333333333333
8565512647,2310297485,0.02333333333333333
8565512647,45029405313,0.02333333333333333
8565512647,40242484875,0.04666666666666666
8565512647,26230297145,0.02333333333333333
8565512647,44315047615,0.04666666666666666
8565512647,350949943,0.02333333333333333
8565512647,742722055,0.13999999999999999
8565512647,5522625884,0.04666666666666666
8565512647,1803162637,0.27999999999999997
8565512647,49224727618,0.02333333333333333
8565512647,2958777354,0.02333333333333333
8565512647,4003472335,0.02333333333333333
8565512647,2244402805,0.06999999999999999
8565512647,11769798556,0.04666666666666666
8565512647,48779462133,0.02333333333333333
8565512647,2087388082,0.02333333333333333
8565512647,2275944297,0.02333333333333333
8565512647,3283035244,0.02333333333333333
8565512647,2320476776,0.02333333333333333
8565512647,1474184582,0.09333333333333332
8565512647,1394921383,0.02333333333333333
8565512647,5548929745,0.02333333333333333
8565512647,295596223,0.04666666666666666
8565512647,374648734,0.02333333333333333
8565512647,1442340144,0.02333333333333333
8565512647,38394222,0.02333333333333333
8565512647,1363667262,0.04666666666666666
8565512647,3604510776,0.02333333333333333
3444777932,347504934,0.02333333333333333
3444777932,399972932,0.6066666666666667
3444777932,2898232344,0.21
3444777932,46773078698,0.11666666666666665
3444777932,48393740663,0.02333333333333333
3444777932,1350110417,0.02333333333333333
3444777932,552012954,0.06999999999999999
3444777932,6690986912,0.02333333333333333
3444777932,273464037,0.02333333333333333
3444777932,1900495345,0.02333333333333333
3444777932,8317065348,0.02333333333333333
3444777932,3559349682,0.02333333333333333
3444777932,309085042,0.02333333333333333
3444777932,40482870455,0.02333333333333333
3444777932,12277100520,0.09333333333333332
3444777932,18615503,0.02333333333333333
3444777932,8380065938,0.09333333333333332
3444777932,55112818246,0.02333333333333333
3444777932,41017573,0.02333333333333333
3444777932,37353907420,0.25666666666666665
3444777932,8713153590,0.06999999999999999
3444777932,414597330,0.02333333333333333
3444777932,52602367031,0.02333333333333333
3444777932,22208540312,0.02333333333333333
3444777932,8493577225,0.09333333333333332
3444777932,350562740,0.04666666666666666
3444777932,2238352987,0.02333333333333333
3444777932,25053107914,0.02333333333333333
3444777932,5541355704,0.09333333333333332
3444777932,1444633650,0.09333333333333332
3444777932,48875213251,0.02333333333333333
3444777932,546017926,0.02333333333333333
3444777932,1641783825,0.13999999999999999
3444777932,3694086706,0.18666666666666665
3444777932,52649853945,0.02333333333333333
3444777932,188919758,0.02333333333333333
3444777932,8152872335,0.04666666666666666
3444777932,21879412720,0.13999999999999999
3444777932,48247736162,0.02333333333333333
3444777932,3991504370,0.02333333333333333
3444777932,47644185475,0.02333333333333333
3444777932,6648494824,0.04666666666666666
3444777932,631353206,0.06999999999999999
3444777932,7288860306,0.02333333333333333
3444777932,48613519997,0.04666666666666666
3444777932,51037841636,0.02333333333333333
3444777932,4549559325,0.02333333333333333
3444777932,44847461304,0.02333333333333333
3444777932,49391751307,0.02333333333333333
3444777932,45699752947,0.04666666666666666
3444777932,46289438832,0.04666666666666666
3444777932,13992302496,0.06999999999999999
3444777932,9001143919,0.02333333333333333
3444777932,2200285030,0.04666666666666666
3444777932,8891286293,0.02333333333333333
3444777932,46831367101,0.04666666666666666
3444777932,12414002460,0.04666666666666666
3444777932,5686548697,0.04666666666666666
3444777932,472799391,0.02333333333333333
3444777932,14287323060,0.04666666666666666
3444777932,269570620,0.11666666666666665
3444777932,3558703759,0.02333333333333333
3444777932,4291372639,0.02333333333333333
3444777932,19559320207,0.04666666666666666
3444777932,48786015346,0.02333333333333333
3444777932,11099059183,0.02333333333333333
3444777932,38412840063,0.06999999999999999
3444777932,1092019576,0.02333333333333333
3444777932,46677386256,0.04666666666666666
3444777932,997948358,0.02333333333333333
3444777932,2030244085,0.02333333333333333
3444777932,5972350962,0.04666666666666666
3444777932,1553382581,0.02333333333333333
3444777932,579598421,0.02333333333333333
3444777932,1979953657,0.02333333333333333
3444777932,2353058301,0.02333333333333333
3444777932,5541466149,0.02333333333333333
3444777932,49827140896,0.02333333333333333
3444777932,51226945773,0.02333333333333333
3444777932,2127539091,0.09333333333333332
3444777932,2951882493,0.02333333333333333
3444777932,49394993451,0.02333333333333333
3444777932,48133031995,0.02333333333333333
3444777932,44251860868,0.09333333333333332
3444777932,49862169,0.02333333333333333
3444777932,1353281982,0.06999999999999999
3444777932,6884078945,0.02333333333333333
3444777932,5361697129,0.02333333333333333
3444777932,9250615257,0.04666666666666666
3444777932,49471571207,0.02333333333333333
3444777932,49519476674,0.02333333333333333
3444777932,48368376529,0.02333333333333333
3444777932,45389258678,0.02333333333333333
3444777932,33014956052,0.02333333333333333
3444777932,7919403421,0.02333333333333333
3444777932,50270876983,0.02333333333333333
3444777932,5609536700,0.06999999999999999
3444777932,4649640848,0.02333333333333333
3444777932,45004802974,0.02333333333333333
3444777932,13032296522,0.02333333333333333
3444777932,48733081606,0.09333333333333332
3444777932,278809718,0.04666666666666666
3444777932,39373894946,0.04666666666666666
3444777932,1502744639,0.02333333333333333
3444777932,5875934096,0.02333333333333333
3444777932,1159507797,0.02333333333333333
3444777932,253186331,0.02333333333333333
3444777932,39640380523,0.02333333333333333
3444777932,173723396,0.02333333333333333
3444777932,1477734269,0.02333333333333333
3444777932,8265761608,0.02333333333333333
3444777932,406220865,0.02333333333333333
3444777932,40910200248,0.02333333333333333
3444777932,1397131921,0.02333333333333333
3444777932,47384226485,0.02333333333333333
3444777932,240279477,0.02333333333333333
3444777932,330542491,0.02333333333333333
3444777932,1323327274,0.02333333333333333
3444777932,26315567772,0.02333333333333333
3444777932,49708853779,0.02333333333333333
3444777932,49008540246,0.02333333333333333
3444777932,47811961909,0.02333333333333333
3444777932,47447608326,0.02333333333333333
3444777932,3549454002,0.02333333333333333
3444777932,538086873,0.02333333333333333
47575057848,44534645805,0.02333333333333333
47575057848,51887755727,0.02333333333333333
47575057848,45190570289,0.02333333333333333
50988739342,51263747704,0.02333333333333333
50988739342,7933886003,0.04666666666666666
50988739342,10932902068,0.06999999999999999
50988739342,49033799274,0.02333333333333333
50988739342,3932950276,0.27999999999999997
50988739342,38896492025,0.16333333333333333
50988739342,8481423684,0.02333333333333333
50988739342,42788070375,0.06999999999999999
50988739342,30150543357,0.04666666666666666
50988739342,48116945783,0.02333333333333333
50988739342,11440616834,0.02333333333333333
50988739342,44220979872,0.11666666666666665
50988739342,42896206514,0.02333333333333333
50988739342,43488101383,0.02333333333333333
50988739342,48581925103,0.02333333333333333
50988739342,37933092013,0.04666666666666666
50988739342,1397209013,0.02333333333333333
50988739342,37484181001,0.04666666666666666
50988739342,7885647925,0.02333333333333333
50988739342,8151680229,0.02333333333333333
50988739342,49015769327,0.06999999999999999
50988739342,25922593229,0.04666666666666666
50988739342,45981925164,0.02333333333333333
50988739342,45178232042,0.09333333333333332
50988739342,10438957650,0.02333333333333333
50988739342,33483425233,0.02333333333333333
50988739342,7209483996,0.02333333333333333
50988739342,46187004228,0.02333333333333333
50988739342,38580935824,0.06999999999999999
50988739342,3676699119,0.02333333333333333
50988739342,3956087443,0.02333333333333333
50988739342,28086943247,0.02333333333333333
50988739342,44091114838,0.13999999999999999
50988739342,49044136306,0.02333333333333333
50988739342,41302005323,0.02333333333333333
50988739342,47672271812,0.02333333333333333
50988739342,49326795062,0.09333333333333332
50988739342,51702389671,0.16333333333333333
50988739342,48256298581,0.02333333333333333
50988739342,13741807784,0.02333333333333333
50988739342,33197067259,0.02333333333333333
50988739342,1561446769,0.02333333333333333
50988739342,7152052484,0.02333333333333333
50988739342,43872305949,0.11666666666666665
50988739342,52502255744,0.02333333333333333
50988739342,37717907870,0.13999999999999999
50988739342,4757087821,0.02333333333333333
50988739342,1782568685,0.02333333333333333
50988739342,47969884097,0.02333333333333333
50988739342,50988739342,0.02333333333333333
50988739342,20191717044,0.06999999999999999
50988739342,2924569557,0.02333333333333333
50988739342,685243218,0.02333333333333333
50988739342,51632199442,0.02333333333333333
50988739342,52139776529,0.02333333333333333
50988739342,6122118750,0.11666666666666665
50988739342,4237281067,0.02333333333333333
50988739342,46265474320,0.02333333333333333
50988739342,47247919370,0.02333333333333333
50988739342,51072894050,0.02333333333333333
50988739342,49941176188,0.02333333333333333
50988739342,36025692011,0.02333333333333333
50988739342,45148287200,0.02333333333333333
50988739342,47422066113,0.02333333333333333
1607070353,5475995117,0.02333333333333333
1607070353,2213986591,0.06999999999999999
1607070353,3086002495,0.02333333333333333
1607070353,1428456487,0.02333333333333333
1607070353,9689996254,0.09333333333333332
1607070353,48413908674,0.04666666666666666
1607070353,29455041219,0.02333333333333333
1607070353,1697938423,0.04666666666666666
1607070353,1701517505,0.09333333333333332
1607070353,591066812,0.02333333333333333
1607070353,5504586365,0.04666666666666666
1607070353,50198542920,0.04666666666666666
1607070353,4861072488,0.06999999999999999
1607070353,54167277035,0.02333333333333333
1607070353,44420026239,0.11666666666666665
1607070353,54538145934,0.02333333333333333
1607070353,6193525179,0.04666666666666666
1607070353,27210829521,0.06999999999999999
1607070353,7293058613,0.06999999999999999
1607070353,3731316197,0.02333333333333333
1607070353,3301430828,0.02333333333333333
1607070353,47141642943,0.02333333333333333
1607070353,48674157729,0.02333333333333333
1607070353,50785151847,0.02333333333333333
1607070353,48821364447,0.02333333333333333
1607070353,45660505715,0.02333333333333333
1607070353,8338388735,0.02333333333333333
1607070353,6241210326,0.18666666666666665
1607070353,4146337227,0.09333333333333332
1607070353,44981351802,0.02333333333333333
1607070353,3320582378,0.02333333333333333
1607070353,48413907205,0.06999999999999999
1607070353,4040494256,0.02333333333333333
1607070353,3461130757,0.04666666666666666
1607070353,4009427777,0.02333333333333333
1607070353,7902664214,0.02333333333333333
1607070353,51811843720,0.02333333333333333
1607070353,5689585364,0.02333333333333333
1607070353,1430914233,0.02333333333333333
1607070353,4168804003,0.02333333333333333
1607070353,5406263578,0.02333333333333333
1607070353,48798302267,0.02333333333333333
1607070353,48455656587,0.02333333333333333
1607070353,1362134904,0.02333333333333333
1607070353,42574815071,0.02333333333333333
1607070353,19739235262,0.04666666666666666
1607070353,51778492992,0.02333333333333333
1607070353,40928830978,0.09333333333333332
1607070353,50863197380,0.02333333333333333
1607070353,6054189498,0.02333333333333333
1607070353,48380573484,0.02333333333333333
1607070353,4866181590,0.04666666666666666
1607070353,1645914043,0.02333333333333333
1607070353,1604029892,0.04666666666666666
1607070353,1696596812,0.04666666666666666
1607070353,561326931,0.09333333333333332
1607070353,4490430813,0.02333333333333333
1607070353,3443886512,0.02333333333333333
1607070353,48423219819,0.02333333333333333
1607070353,6710354765,0.02333333333333333
1607070353,1579700312,0.02333333333333333
1607070353,3179905207,0.02333333333333333
1607070353,1482170013,0.02333333333333333
1607070353,25943624727,0.02333333333333333
1607070353,49716742002,0.02333333333333333
1607070353,48175629557,0.02333333333333333
1607070353,8130713972,0.02333333333333333
1607070353,4525870216,0.06999999999999999
1607070353,3221975313,0.02333333333333333
1607070353,48936748029,0.02333333333333333
1607070353,4286244274,0.06999999999999999
1607070353,1373888520,0.06999999999999999
1607070353,3920475438,0.02333333333333333
1607070353,45812722430,0.02333333333333333
1607070353,6863626354,0.04666666666666666
1607070353,4367359821,0.02333333333333333
1607070353,1336374199,0.02333333333333333
1607070353,8974758259,0.02333333333333333
1607070353,5433913470,0.02333333333333333
1607070353,1447872093,0.02333333333333333
1607070353,495501673,0.02333333333333333
1607070353,7943104424,0.02333333333333333
1607070353,3646285627,0.02333333333333333
1607070353,5839559636,0.04666666666666666
1607070353,45082019026,0.02333333333333333
1607070353,1454456199,0.02333333333333333
1607070353,40508041669,0.04666666666666666
1607070353,30261632930,0.02333333333333333
1607070353,40657390600,0.02333333333333333
1607070353,7871235015,0.02333333333333333
1607070353,2285172558,0.06999999999999999
1607070353,9764523336,0.02333333333333333
1607070353,3611030435,0.04666666666666666
1607070353,7124051750,0.02333333333333333
1607070353,5002741930,0.02333333333333333
1607070353,1055451826,0.02333333333333333
1607070353,1771206710,0.02333333333333333
1607070353,7175324483,0.02333333333333333
1607070353,7231532161,0.02333333333333333
1607070353,7466235588,0.04666666666666666
1607070353,1182866147,0.02333333333333333
1607070353,1095942829,0.02333333333333333
1607070353,1443752387,0.02333333333333333
1607070353,9001220492,0.02333333333333333
1607070353,2224323197,0.02333333333333333
1607070353,5613056596,0.04666666666666666
1607070353,5890456927,0.02333333333333333
1607070353,1798271496,0.02333333333333333
980579534,2051684863,0.04666666666666666
980579534,1391517306,0.18666666666666665
980579534,6726106146,0.04666666666666666
980579534,44563643926,0.02333333333333333
980579534,1365041983,0.27999999999999997
980579534,1429974982,0.04666666666666666
980579534,1637779756,0.04666666666666666
980579534,851143318,0.04666666666666666
980579534,1541307640,0.06999999999999999
980579534,2951710685,0.06999999999999999
980579534,261759088,0.02333333333333333
980579534,7781995161,0.02333333333333333
980579534,12355160923,0.04666666666666666
980579534,317580412,0.02333333333333333
980579534,31562806511,0.02333333333333333
980579534,3684513407,0.02333333333333333
980579534,345538404,0.02333333333333333
980579534,2276657882,0.02333333333333333
980579534,1121333886,0.02333333333333333
980579534,202030962,0.02333333333333333
980579534,4326313704,0.02333333333333333
980579534,2074550127,0.04666666666666666
980579534,3284006476,0.06999999999999999
980579534,720105920,0.02333333333333333
980579534,1702344296,0.02333333333333333
980579534,3900200152,0.02333333333333333
980579534,6627752304,0.02333333333333333
980579534,4033160614,0.02333333333333333
980579534,2233842680,0.02333333333333333
980579534,462089567,0.04666666666666666
980579534,329029283,0.02333333333333333
980579534,639701395,0.04666666666666666
980579534,257783256,0.02333333333333333
47216688793,1648660362,0.02333333333333333
47216688793,51216768496,0.02333333333333333
47216688793,4224846863,0.02333333333333333
47216688793,6011724628,0.02333333333333333
47216688793,52601148339,0.04666666666666666
47216688793,6485074888,0.04666666666666666
47216688793,1588857032,0.02333333333333333
47216688793,1588854744,0.02333333333333333
47216688793,514558737,0.02333333333333333
47216688793,6831578886,0.02333333333333333
47216688793,1525967659,0.04666666666666666
47216688793,4077323266,0.02333333333333333
47216688793,2252895731,0.02333333333333333
47216688793,549043925,0.02333333333333333
47216688793,3211180964,0.02333333333333333
47216688793,44131591128,0.02333333333333333
47216688793,8908639619,0.02333333333333333
53111870295,51397205535,0.02333333333333333
53111870295,55112733248,0.02333333333333333
53111870295,52116531422,0.02333333333333333
53111870295,52157957653,0.02333333333333333
520950405,4519352951,0.02333333333333333
4493853644,5497828187,0.04666666666666666
4493853644,271208431,0.02333333333333333
4493853644,3975412173,0.02333333333333333
4493853644,27030749543,0.04666666666666666
4493853644,4015637208,0.11666666666666665
4493853644,1453129863,0.02333333333333333
4493853644,1135706561,0.06999999999999999
4493853644,2163751007,0.04666666666666666
4493853644,4525367113,0.04666666666666666
4493853644,4061229414,0.02333333333333333
4493853644,1549672867,0.02333333333333333
4493853644,2074284065,0.06999999999999999
4493853644,2204781298,0.13999999999999999
4493853644,2302701543,0.09333333333333332
4493853644,1429800502,0.02333333333333333
4493853644,12277100520,0.02333333333333333
4493853644,3222906792,0.02333333333333333
4493853644,630725932,0.04666666666666666
4493853644,5589965222,0.02333333333333333
4493853644,8406211902,0.02333333333333333
4493853644,1417421680,0.02333333333333333
4493853644,13828895976,0.02333333333333333
4493853644,1804236081,0.02333333333333333
4493853644,8272185182,0.02333333333333333
4493853644,9671452905,0.02333333333333333
4493853644,4493853644,0.04666666666666666
4493853644,7372097110,0.02333333333333333
4493853644,4921176876,0.02333333333333333
